-- phpMyAdmin SQL Dump
-- version 4.1.12
-- http://www.phpmyadmin.net
--
-- Host: localhost:8889
-- Generation Time: Ago 31, 2015 alle 21:07
-- Versione del server: 5.5.34
-- PHP Version: 5.5.10

SET SQL_MODE = "NO_AUTO_VALUE_ON_ZERO";
SET time_zone = "+00:00";


/*!40101 SET @OLD_CHARACTER_SET_CLIENT=@@CHARACTER_SET_CLIENT */;
/*!40101 SET @OLD_CHARACTER_SET_RESULTS=@@CHARACTER_SET_RESULTS */;
/*!40101 SET @OLD_COLLATION_CONNECTION=@@COLLATION_CONNECTION */;
/*!40101 SET NAMES utf8 */;

--
-- Database: `surebet`
--

-- --------------------------------------------------------

--
-- Struttura della tabella `curl`
--

CREATE TABLE `curl` (
  `cid` int(11) NOT NULL AUTO_INCREMENT,
  `bid` int(11) NOT NULL,
  `lid` int(11) NOT NULL,
  `url` text NOT NULL,
  `active` int(1) NOT NULL DEFAULT '1',
  PRIMARY KEY (`cid`)
) ENGINE=InnoDB  DEFAULT CHARSET=utf8 AUTO_INCREMENT=75 ;

--
-- Dump dei dati per la tabella `curl`
--

INSERT INTO `curl` (`cid`, `bid`, `lid`, `url`, `active`) VALUES
(1, 1, 1, 'https://www.lottomatica.it/scommesse/dwr/call/plaincall/manifestazioniDwr.clicManifestazione.dwr', 1),
(2, 2, 1, 'http://www.sisal.it/scommesse-matchpoint/palinsesto?p_p_id=ScommesseAntepostPalinsesto_WAR_scommesseportlet&p_p_lifecycle=2&p_p_state=normal&p_p_resource_id=dettagliManifestazione&p_p_cacheability=cacheLevelPage&_ScommesseAntepostPalinsesto_WAR_scommesseportlet_codDisc=1&_ScommesseAntepostPalinsesto_WAR_scommesseportlet_codMan=21&_ScommesseAntepostPalinsesto_WAR_scommesseportlet_codClusterScomm=&_ScommesseAntepostPalinsesto_WAR_scommesseportlet_filtro=0', 1),
(4, 4, 1, 'https://www.betclic.it/competition/competitionmarkettypecateg', 1),
(6, 3, 1, 'http://www.snai.it/scommessa/sport/pagescommop.php', 1),
(7, 5, 1, 'https://e3-api.kambi.com/offering/api/v2/ubit/betoffer/group/1000095001.json?cat=1295&market=it&lang=it_IT&range_size=100&range_start=0&suppress_response_codes&channel_id=1', 1),
(8, 6, 1, 'https://www.interwetten.com/it/scommesse-sportive/l/1029/italia-serie-a', 1),
(9, 7, 1, 'http://sports.williamhill.it/bet_ita/it/betting/t/321/Serie-A.html', 1),
(10, 4, 5, 'https://www.betclic.it/competition/competitionmarkettypecateg', 0),
(12, 9, 1, 'https://www.tipico.it/spring/complete/www_tipico_it_it_scommesse_sportive_online_calcio_italia_serie_a_g33301_30', 1),
(16, 10, 1, 'https://www.iziplay.it/IziWs/scommesse-desktop/antepost/griglia/avv_gruppo_singolo.jsp', 1),
(17, 11, 1, 'http://www.bet365.it/home/inplayapi/Sportsbook.asp?lid=6&zid=0&pd=%23AC%23B1%23C1%23D13%23E26365896%23F2%23R1%23&wg=0&cid=97&ctid=97', 1),
(18, 12, 1, 'https://sports.bwin.it/it/sports/indexmultileague', 1),
(19, 13, 1, 'https://www.betflag.it/Services/WS_FrontEnd_Sports.asmx/GetQuoteTipologiaScommessa?nxc=4623549', 1),
(20, 14, 1, 'https://www.marathonbet.com/it/betting/Football/Italy/Serie+A/?menu=true', 0),
(23, 16, 1, 'https://svcs.goldbetsports.com/static/services/quickbetservice.svc/GetOdds?programTimeSpan=4&language=it&idEvent=44660&preventCache=1432980429575&channel=1&sportId=1&idSection=1', 0),
(24, 5, 6, 'https://e2-api.kambi.com/offering/api/v2/ubit/betoffer/group/2000050561.json?cat=1295&market=it&lang=it_IT&range_size=100&range_start=0&suppress_response_codes&channel_id=1', 0),
(27, 5, 7, 'https://e2-api.kambi.com/offering/api/v2/ubit/betoffer/group/1000094978.json?cat=1295&lang=it_IT&market=it&range_size=100&range_start=0&suppress_response_codes&channel_id=1', 0),
(28, 5, 5, 'https://e2-api.kambi.com/offering/api/v2/ubit/betoffer/group/1000095002.json?cat=1295&market=it&lang=it_IT&range_size=100&range_start=0&suppress_response_codes&channel_id=1', 0),
(29, 5, 8, 'https://e2-api.kambi.com/offering/api/v2/ubit/betoffer/group/1000094569.json?cat=1295&market=it&lang=it_IT&range_size=100&range_start=0&suppress_response_codes&channel_id=1', 0),
(30, 5, 9, 'https://e2-api.kambi.com/offering/api/v2/ubit/betoffer/group/1000094976.json?cat=1295&market=it&lang=it_IT&range_size=100&range_start=0&suppress_response_codes&channel_id=1', 0),
(31, 5, 10, 'https://e2-api.kambi.com/offering/api/v2/ubit/betoffer/group/1000094989.json?cat=1295&market=it&lang=it_IT&range_size=100&range_start=0&suppress_response_codes&channel_id=1', 0),
(32, 5, 11, 'https://e2-api.kambi.com/offering/api/v2/ubit/betoffer/group/1000094989.json?cat=1295&market=it&lang=it_IT&range_size=100&range_start=0&suppress_response_codes&channel_id=1', 0),
(33, 5, 12, 'https://e2-api.kambi.com/offering/api/v2/ubit/betoffer/group/1000095010.json?cat=1295&market=it&lang=it_IT&range_size=100&range_start=0&suppress_response_codes&channel_id=1', 0),
(34, 5, 13, 'https://e2-api.kambi.com/offering/api/v2/ubit/betoffer/group/1000095003.json?cat=&market=it&lang=it_IT&range_size=100&range_start=0&suppress_response_codes&channel_id=1', 0),
(35, 5, 14, 'https://e2-api.kambi.com/offering/api/v2/ubit/betoffer/group/1000461811.json?cat=1295&lang=it_IT&market=it&range_size=100&range_start=0&suppress_response_codes&channel_id=1', 0),
(36, 5, 15, 'https://e2-api.kambi.com/offering/api/v2/ubit/betoffer/group/1000095057.json?cat=1295&lang=it_IT&market=it&range_size=100&range_start=0&suppress_response_codes&channel_id=1', 0),
(37, 5, 16, 'https://e2-api.kambi.com/offering/api/v2/ubit/betoffer/group/1000095057.json?cat=1295&lang=it_IT&market=it&range_size=100&range_start=0&suppress_response_codes&channel_id=1', 0),
(38, 5, 17, 'https://e2-api.kambi.com/offering/api/v2/ubit/betoffer/group/1000095063.json?cat=1295&lang=it_IT&market=it&range_size=100&range_start=0&suppress_response_codes&channel_id=1', 0),
(39, 1, 5, 'https://www.lottomatica.it/scommesse/dwr/call/plaincall/manifestazioniDwr.clicManifestazione.dwr', 0),
(40, 2, 5, 'http://www.sisal.it/scommesse-matchpoint/palinsesto?p_p_id=ScommesseAntepostPalinsesto_WAR_scommesseportlet&p_p_lifecycle=2&p_p_state=normal&p_p_resource_id=dettagliManifestazione&p_p_cacheability=cacheLevelPage&_ScommesseAntepostPalinsesto_WAR_scommesseportlet_codDisc=1&_ScommesseAntepostPalinsesto_WAR_scommesseportlet_codMan=22&_ScommesseAntepostPalinsesto_WAR_scommesseportlet_codClusterScomm=&_ScommesseAntepostPalinsesto_WAR_scommesseportlet_filtro=0', 0),
(41, 2, 6, 'http://www.sisal.it/scommesse-matchpoint/palinsesto?p_p_id=ScommesseAntepostPalinsesto_WAR_scommesseportlet&p_p_lifecycle=2&p_p_state=normal&p_p_resource_id=dettagliManifestazione&p_p_cacheability=cacheLevelPage&_ScommesseAntepostPalinsesto_WAR_scommesseportlet_codDisc=1&_ScommesseAntepostPalinsesto_WAR_scommesseportlet_codMan=6&_ScommesseAntepostPalinsesto_WAR_scommesseportlet_codClusterScomm=&_ScommesseAntepostPalinsesto_WAR_scommesseportlet_filtro=0', 0),
(42, 2, 18, 'http://www.sisal.it/scommesse-matchpoint/palinsesto?p_p_id=ScommesseAntepostPalinsesto_WAR_scommesseportlet&p_p_lifecycle=2&p_p_state=normal&p_p_resource_id=dettagliManifestazione&p_p_cacheability=cacheLevelPage&_ScommesseAntepostPalinsesto_WAR_scommesseportlet_codDisc=1&_ScommesseAntepostPalinsesto_WAR_scommesseportlet_codMan=256&_ScommesseAntepostPalinsesto_WAR_scommesseportlet_codClusterScomm=&_ScommesseAntepostPalinsesto_WAR_scommesseportlet_filtro=0', 0),
(43, 2, 8, 'http://www.sisal.it/scommesse-matchpoint/palinsesto?p_p_id=ScommesseAntepostPalinsesto_WAR_scommesseportlet&p_p_lifecycle=2&p_p_state=normal&p_p_resource_id=dettagliManifestazione&p_p_cacheability=cacheLevelPage&_ScommesseAntepostPalinsesto_WAR_scommesseportlet_codDisc=1&_ScommesseAntepostPalinsesto_WAR_scommesseportlet_codMan=8&_ScommesseAntepostPalinsesto_WAR_scommesseportlet_codClusterScomm=&_ScommesseAntepostPalinsesto_WAR_scommesseportlet_filtro=0', 0),
(44, 2, 19, 'http://www.sisal.it/scommesse-matchpoint/palinsesto?p_p_id=ScommesseAntepostPalinsesto_WAR_scommesseportlet&p_p_lifecycle=2&p_p_state=normal&p_p_resource_id=dettagliManifestazione&p_p_cacheability=cacheLevelPage&_ScommesseAntepostPalinsesto_WAR_scommesseportlet_codDisc=1&_ScommesseAntepostPalinsesto_WAR_scommesseportlet_codMan=257&_ScommesseAntepostPalinsesto_WAR_scommesseportlet_codClusterScomm=&_ScommesseAntepostPalinsesto_WAR_scommesseportlet_filtro=0', 0),
(45, 2, 20, 'http://www.sisal.it/scommesse-matchpoint/palinsesto?p_p_id=ScommesseAntepostPalinsesto_WAR_scommesseportlet&p_p_lifecycle=2&p_p_state=normal&p_p_resource_id=dettagliManifestazione&p_p_cacheability=cacheLevelPage&_ScommesseAntepostPalinsesto_WAR_scommesseportlet_codDisc=1&_ScommesseAntepostPalinsesto_WAR_scommesseportlet_codMan=294&_ScommesseAntepostPalinsesto_WAR_scommesseportlet_codClusterScomm=&_ScommesseAntepostPalinsesto_WAR_scommesseportlet_filtro=0', 0),
(46, 2, 10, 'http://www.sisal.it/scommesse-matchpoint/palinsesto?p_p_id=ScommesseAntepostPalinsesto_WAR_scommesseportlet&p_p_lifecycle=2&p_p_state=normal&p_p_resource_id=dettagliManifestazione&p_p_cacheability=cacheLevelPage&_ScommesseAntepostPalinsesto_WAR_scommesseportlet_codDisc=1&_ScommesseAntepostPalinsesto_WAR_scommesseportlet_codMan=17&_ScommesseAntepostPalinsesto_WAR_scommesseportlet_codClusterScomm=&_ScommesseAntepostPalinsesto_WAR_scommesseportlet_filtro=0', 0),
(47, 5, 21, 'https://e2-api.kambi.com/offering/api/v2/ubit/betoffer/group/1000094996.json?cat=1295&lang=it_IT&market=it&range_size=100&range_start=0&suppress_response_codes&channel_id=1', 0),
(48, 2, 21, 'http://www.sisal.it/scommesse-matchpoint/palinsesto?p_p_id=ScommesseAntepostPalinsesto_WAR_scommesseportlet&p_p_lifecycle=2&p_p_state=normal&p_p_resource_id=dettagliManifestazione&p_p_cacheability=cacheLevelPage&_ScommesseAntepostPalinsesto_WAR_scommesseportlet_codDisc=1&_ScommesseAntepostPalinsesto_WAR_scommesseportlet_codMan=117&_ScommesseAntepostPalinsesto_WAR_scommesseportlet_codClusterScomm=&_ScommesseAntepostPalinsesto_WAR_scommesseportlet_filtro=0', 0),
(49, 2, 11, 'http://www.sisal.it/scommesse-matchpoint/palinsesto?p_p_id=ScommesseAntepostPalinsesto_WAR_scommesseportlet&p_p_lifecycle=2&p_p_state=normal&p_p_resource_id=dettagliManifestazione&p_p_cacheability=cacheLevelPage&_ScommesseAntepostPalinsesto_WAR_scommesseportlet_codDisc=1&_ScommesseAntepostPalinsesto_WAR_scommesseportlet_codMan=111&_ScommesseAntepostPalinsesto_WAR_scommesseportlet_codClusterScomm=&_ScommesseAntepostPalinsesto_WAR_scommesseportlet_filtro=0', 0),
(50, 2, 22, 'http://www.sisal.it/scommesse-matchpoint/palinsesto?p_p_id=ScommesseAntepostPalinsesto_WAR_scommesseportlet&p_p_lifecycle=2&p_p_state=normal&p_p_resource_id=dettagliManifestazione&p_p_cacheability=cacheLevelPage&_ScommesseAntepostPalinsesto_WAR_scommesseportlet_codDisc=1&_ScommesseAntepostPalinsesto_WAR_scommesseportlet_codMan=197&_ScommesseAntepostPalinsesto_WAR_scommesseportlet_codClusterScomm=&_ScommesseAntepostPalinsesto_WAR_scommesseportlet_filtro=0', 0),
(51, 2, 23, 'http://www.sisal.it/scommesse-matchpoint/palinsesto?p_p_id=ScommesseAntepostPalinsesto_WAR_scommesseportlet&p_p_lifecycle=2&p_p_state=normal&p_p_resource_id=dettagliManifestazione&p_p_cacheability=cacheLevelPage&_ScommesseAntepostPalinsesto_WAR_scommesseportlet_codDisc=1&_ScommesseAntepostPalinsesto_WAR_scommesseportlet_codMan=313&_ScommesseAntepostPalinsesto_WAR_scommesseportlet_codClusterScomm=&_ScommesseAntepostPalinsesto_WAR_scommesseportlet_filtro=0', 0),
(52, 2, 14, 'http://www.sisal.it/scommesse-matchpoint/palinsesto?p_p_id=ScommesseAntepostPalinsesto_WAR_scommesseportlet&p_p_lifecycle=2&p_p_state=normal&p_p_resource_id=dettagliManifestazione&p_p_cacheability=cacheLevelPage&_ScommesseAntepostPalinsesto_WAR_scommesseportlet_codDisc=1&_ScommesseAntepostPalinsesto_WAR_scommesseportlet_codMan=183&_ScommesseAntepostPalinsesto_WAR_scommesseportlet_codClusterScomm=&_ScommesseAntepostPalinsesto_WAR_scommesseportlet_filtro=0', 0),
(53, 2, 15, 'http://www.sisal.it/scommesse-matchpoint/palinsesto?p_p_id=ScommesseAntepostPalinsesto_WAR_scommesseportlet&p_p_lifecycle=2&p_p_state=normal&p_p_resource_id=dettagliManifestazione&p_p_cacheability=cacheLevelPage&_ScommesseAntepostPalinsesto_WAR_scommesseportlet_codDisc=1&_ScommesseAntepostPalinsesto_WAR_scommesseportlet_codMan=66&_ScommesseAntepostPalinsesto_WAR_scommesseportlet_codClusterScomm=&_ScommesseAntepostPalinsesto_WAR_scommesseportlet_filtro=0', 0),
(54, 2, 16, 'http://www.sisal.it/scommesse-matchpoint/palinsesto?p_p_id=ScommesseAntepostPalinsesto_WAR_scommesseportlet&p_p_lifecycle=2&p_p_state=normal&p_p_resource_id=dettagliManifestazione&p_p_cacheability=cacheLevelPage&_ScommesseAntepostPalinsesto_WAR_scommesseportlet_codDisc=1&_ScommesseAntepostPalinsesto_WAR_scommesseportlet_codMan=67&_ScommesseAntepostPalinsesto_WAR_scommesseportlet_codClusterScomm=&_ScommesseAntepostPalinsesto_WAR_scommesseportlet_filtro=0', 0),
(55, 2, 17, 'http://www.sisal.it/scommesse-matchpoint/palinsesto?p_p_id=ScommesseAntepostPalinsesto_WAR_scommesseportlet&p_p_lifecycle=2&p_p_state=normal&p_p_resource_id=dettagliManifestazione&p_p_cacheability=cacheLevelPage&_ScommesseAntepostPalinsesto_WAR_scommesseportlet_codDisc=1&_ScommesseAntepostPalinsesto_WAR_scommesseportlet_codMan=70&_ScommesseAntepostPalinsesto_WAR_scommesseportlet_codClusterScomm=&_ScommesseAntepostPalinsesto_WAR_scommesseportlet_filtro=0', 0),
(57, 12, 8, 'https://sports.bwin.it/it/sports/indexmultileague', 0),
(58, 17, 5, 'http://www.10betlive.com/pagemethods.aspx/GetLeaguesContent', 0),
(59, 14, 20, 'https://www.marathonbet.com/it/betting/Football/Estonia/Premium+Liiga/?menu=true&pageAction=default&_=1433447216327', 0),
(60, 14, 24, 'https://www.marathonbet.com/it/betting/Football/Colombia/Primera+A/Play-Offs/Final/2nd+Leg/?menu=true&pageAction=default&_=1433449052473', 0),
(61, 15, 15, 'http://web.eurobet.it/webeb/sport?action=scommesseV2_meeting_comm&meetingsParam=66&chooseSport=1&showSplash=0&ts=1433695416516', 0),
(62, 17, 15, 'http://www.10betlive.com/pagemethods.aspx/GetLeaguesContent', 0),
(63, 8, 19, 'http://www.pinnacle.com/webapi/1.12/api/v1/GuestLines/NonLive/29/1835?callback=angular.callbacks._0', 0),
(64, 16, 8, 'https://svcs.goldbetsports.com/static/services/quickbetservice.svc/GetOdds?programTimeSpan=4&language=it&idEvent=44166&preventCache=1434121978628&channel=1&sportId=1&idSection=1', 0),
(65, 1, 2, 'https://www.lottomatica.it/scommesse/dwr/call/plaincall/manifestazioniDwr.clicManifestazione.dwr', 1),
(66, 2, 2, 'http://www.sisal.it/scommesse-matchpoint/palinsesto?p_p_id=ScommesseAntepostPalinsesto_WAR_scommesseportlet&p_p_lifecycle=2&p_p_state=normal&p_p_resource_id=dettagliManifestazione&p_p_cacheability=cacheLevelPage&_ScommesseAntepostPalinsesto_WAR_scommesseportlet_codDisc=1&_ScommesseAntepostPalinsesto_WAR_scommesseportlet_codMan=79&_ScommesseAntepostPalinsesto_WAR_scommesseportlet_codClusterScomm=&_ScommesseAntepostPalinsesto_WAR_scommesseportlet_filtro=0', 1),
(67, 3, 2, 'http://www.snai.it/scommessa/sport/pagescommop.php', 1),
(68, 5, 2, 'https://e2-api.kambi.com/offering/api/v2/ubit/betoffer/group/1000095049.json?cat=1295&lang=it_IT&market=it&range_size=100&range_start=0&suppress_response_codes&channel_id=1', 1),
(69, 6, 2, 'https://www.interwetten.es/es/apuestas-deportivas/l/1030/espana-primera-division', 1),
(70, 7, 2, 'http://sports.williamhill.es/bet_esp/es/betting/t/338/Espa%C3%B1a---Liga-BBVA-%281%C2%AA-Divisi%C3%B3n%29.html', 1),
(71, 10, 2, 'https://www.iziplay.it/IziWs/scommesse-desktop/antepost/griglia/avv_gruppo_singolo.jsp', 1),
(72, 11, 2, 'http://www.bet365.es/home/inplayapi/Sportsbook.asp?lid=3&zid=0&pd=%23AC%23B1%23C1%23D13%23E27147976%23F2%23R1%23&wg=0&cid=171&ctid=171', 1),
(73, 12, 2, 'https://sports.bwin.es/es/sports/indexmultileague', 1),
(74, 13, 2, 'https://www.betflag.it/Services/WS_FrontEnd_Sports.asmx/GetQuoteTipologiaScommessa?nxc=3345959', 1);

-- --------------------------------------------------------

--
-- Struttura della tabella `curl_option`
--

CREATE TABLE `curl_option` (
  `coid` int(11) NOT NULL AUTO_INCREMENT,
  `cid` int(11) NOT NULL,
  `type` varchar(250) NOT NULL,
  `value_` text NOT NULL,
  PRIMARY KEY (`coid`)
) ENGINE=InnoDB  DEFAULT CHARSET=utf8 AUTO_INCREMENT=651 ;

--
-- Dump dei dati per la tabella `curl_option`
--

INSERT INTO `curl_option` (`coid`, `cid`, `type`, `value_`) VALUES
(1, 1, 'header', 'Origin: https://www.lottomatica.it'),
(2, 1, 'header', 'Accept-Encoding: gzip, deflate'),
(3, 1, 'header', 'Accept-Language: it-IT,it;q=0.8,en-US;q=0.6,en;q=0.4,fr;q=0.2'),
(4, 1, 'header', 'User-Agent: Mozilla/5.0 (X11; Linux x86_64) AppleWebKit/537.36 (KHTML, like Gecko) Chrome/42.0.2311.152 Safari/537.36'),
(5, 1, 'header', 'Content-Type: text/plain'),
(6, 1, 'header', 'Accept: */*'),
(7, 1, 'header', 'Referer: https://www.lottomatica.it/scommesse/home.do'),
(8, 1, 'header', 'Cookie: s_adserv=lttmtc-lottomatica.it; __utma=142764074.760386197.1431877726.1432059876.1432065330.3; __utmb=142764074.1.10.1432065330; __utmc=142764074; __utmz=142764074.1432065330.3.3.utmcsr=google|utmccn=(organic)|utmcmd=organic|utmctr=(not%20provided); mbox=PC#1431877726153-883095.26_19#1433274930|check#true#1432065390|session#1432065329212-721213#1432067190; s_cc=true; s_sq=lttmtc-lottomatica.it%3D%2526pid%253Dscommesse%252520%25253A%252520home%2526pidt%253D1%2526oid%253Dhttps%25253A%25252F%25252Fwww.lottomatica.it%25252Fscommesse%25252Fhome.do%2526ot%253DA'),
(9, 1, 'header', 'Connection: keep-alive'),
(10, 1, 'data-binary', ''),
(11, 1, 'compressed', ''),
(12, 1, 'payload_post', 'a:10:{s:9:"callCount";s:1:"1";s:4:"page";s:18:"/scommesse/home.do";s:13:"httpSessionId";s:32:"D9DCDB1369126589658ECE9962F15B9E";s:15:"scriptSessionId";s:35:"670017B8FB2CF9F17774FAD3911FE062354";s:13:"c0-scriptName";s:17:"manifestazioniDwr";s:13:"c0-methodName";s:18:"clicManifestazione";s:5:"c0-id";s:1:"0";s:9:"c0-param0";s:11:"string:1.21";s:9:"c0-param1";s:13:"boolean:false";s:7:"batchId";s:1:"5";}'),
(13, 2, 'header', 'Cookie: MPPARTNER=3133263433265b6661636f6c74617469766f5d265b6661636f6c74617469766f5d2630; JSESSIONID=606E690809003C7A6CA939BDE08E4D1F.jvm4; GUEST_LANGUAGE_ID=it_IT; COOKIE_SUPPORT=true; mppartner=3133263433265b6661636f6c74617469766f5d265b6661636f6c74617469766f5d2630; gvsC=New; sc.ASP.NET_SESSIONID=arrmw12tcds3tmp2vyvdejot; sc.Status=4; cm=SEO%7Chttps%3A%2F%2Fwww.google.it%2F%7CGoogle%20-%20Italy%7CNo%20Keyword; mbox=session#1432068850265-823853#1432071565|check#true#1432069765; utag_main=v_id:014d6df489f8000df01910a919e906069001406100bd0$_sn:1$_ss:0$_pn:11%3Bexp-session$_st:1432071504609$ses_id:1432068852216%3Bexp-session; detargettizzato=falso; utente_detargettizzato=undefined; s_cc=true; _ga=GA1.2.1136652916.1432068855; s_vi=[CS]v1|2AADD17D851D0D64-4000190200032ABB[CE]; pvd=pvd%3DGE9005; s_fid=66944CEBD50DD897-2DE17097D2C14F48; s_nr=1432070984846-New; s_lv=1432070984846; s_lv_s=First%20Visit; s_keywordStack=%5B%5B%27Natural%2520%255Bno%2520keyword%255D%27%2C%271432070984849%27%5D%5D; s_channelStack=%5B%5B%27SEO%27%2C%271432070984849%27%5D%5D; SC_LINKS_S=%5B%5BB%5D%5D; s_sq=sisalpreprod%3D%2526pid%253Dscommesse-matchpoint%25253Apalinsesto%2526pidt%253D1%2526oid%253Djavascript%25253Avoid%2525280%252529%25253B%2526ot%253DA'),
(14, 2, 'header', 'Origin: http://www.sisal.it'),
(15, 2, 'header', 'Accept-Encoding: gzip, deflate'),
(17, 2, 'header', 'Accept-Language: it-IT,it;q=0.8,en-US;q=0.6,en;q=0.4,fr;q=0.2'),
(18, 2, 'header', 'User-Agent: Mozilla/5.0 (X11; Linux x86_64) AppleWebKit/537.36 (KHTML, like Gecko) Chrome/42.0.2311.152 Safari/537.36'),
(19, 2, 'header', 'Accept: application/json, text/javascript, */*; q=0.01'),
(20, 2, 'header', 'Referer: http://www.sisal.it/scommesse-matchpoint/palinsesto?dis=1&man=22&fil=0'),
(21, 2, 'header', 'X-Requested-With: XMLHttpRequest'),
(22, 2, 'header', 'Connection: keep-alive'),
(23, 2, 'header', 'Content-Length: 0'),
(24, 2, 'compressed', ''),
(26, 2, '-X POST', ''),
(41, 4, 'header', 'Cookie: ASP.NET_SessionId=4yuftcwvahznfqpt5heyi0j0; GSRef=https://www.google.it/; NSC_GSPOUJU!TTM_OPD=ffffffff098d3c1245525d5f4f58455e445a4a423660; __RequestVerificationToken=Wxeia9ym30sltkEemLYA4yjDcanHDpKjtuXrVFcMvtp-a_zl7AvH6-yyFa8-5Zm_GiZkn_wd6qoW_MDcwOmrocSgu101; GSMK=CMM_Id=3543&CMM_U=sport&CMM_UId=&CMM_SC=itit; CT=CartListChoiceId=; mmcore.tst=0.455; mmid=2020056754%7CDQAAAArxSQWc9QsAAA%3D%3D; mmcore.pd=-2131534825%7CDgAAAAoBQvFJBZz1C6UpaEgBAJVz1pQ6YdJIDwAAANFWKNs3YdJIAAAAAFUAAAD/////AA13d3cuZ29vZ2xlLml0BPULAQAAAAAAAAAAAAD///////////////8AAAAAAAFF; mmcore.srv=ldnvwcgeu01; _ga=GA1.2.1706218562.1432142296'),
(42, 4, 'header', 'Origin: https://www.betclic.it'),
(43, 4, 'header', 'Accept-Encoding: gzip, deflate'),
(44, 4, 'header', 'Accept-Language: it-IT,it;q=0.8,en-US;q=0.6,en;q=0.4,fr;q=0.2'),
(45, 4, 'header', 'User-Agent: Mozilla/5.0 (X11; Linux x86_64) AppleWebKit/537.36 (KHTML, like Gecko) Chrome/43.0.2357.65 Safari/537.36'),
(46, 4, 'header', 'Content-Type: application/x-www-form-urlencoded; charset=UTF-8'),
(47, 4, 'header', 'Accept: application/json, text/javascript, */*; q=0.01'),
(48, 4, 'header', 'Accept: application/json, text/javascript, */*; q=0.01'),
(49, 4, 'header', 'Referer: https://www.betclic.it/calcio/serie-a-e6'),
(50, 4, 'header', 'X-Requested-With: XMLHttpRequest'),
(51, 4, 'header', 'Connection: keep-alive'),
(52, 4, 'payload_post', 'a:2:{s:2:"id";s:1:"6";s:22:"marketTypeCategoryCode";s:3:"All";}'),
(53, 4, 'compressed', ''),
(54, 6, 'header', 'Cookie: PHPSESSID=7a12dc8b-baba97f6-7a12dcae-baba97f6-00000003-nbenbepa3ug2b178jj7hilhq74; __utma=146841973.523924482.1431878695.1432146612.1432158562.5; __utmb=146841973.2.10.1432158562; __utmc=146841973; __utmz=146841973.1432142344.2.2.utmcsr=google|utmccn=(organic)|utmcmd=organic|utmctr=(not%20provided)'),
(55, 6, 'header', 'Origin: http://www.snai.it'),
(56, 6, 'header', 'Accept-Encoding: gzip, deflate'),
(57, 6, 'header', 'Accept-Language: it-IT,it;q=0.8,en-US;q=0.6,en;q=0.4,fr;q=0.2'),
(58, 6, 'header', 'User-Agent: Mozilla/5.0 (X11; Linux x86_64) AppleWebKit/537.36 (KHTML, like Gecko) Chrome/43.0.2357.65 Safari/537.36'),
(59, 6, 'header', 'Content-type: application/x-www-form-urlencoded; charset=UTF-8'),
(60, 6, 'header', 'Accept: text/javascript, text/html, application/xml, text/xml, */*'),
(61, 6, 'header', 'X-Prototype-Version: 1.6.0.1'),
(62, 6, 'header', 'X-Requested-With: XMLHttpRequest'),
(63, 6, 'header', 'Connection: keep-alive'),
(64, 6, 'header', 'Referer: http://www.snai.it/scommesse'),
(65, 6, 'payload_post', 'a:7:{s:7:"comando";s:1:"2";s:13:"cod_programma";s:5:"17789";s:9:"des_manif";s:7:"SERIE A";s:5:"sport";s:6:"CALCIO";s:14:"switch_section";s:5:"sport";s:15:"switch_carrello";s:5:"sport";s:1:"_";s:0:"";}'),
(66, 6, 'compressed', ''),
(67, 7, 'header', 'Referer: https://www.unibet.it/betting'),
(68, 7, 'header', 'User-Agent: Mozilla/5.0 (X11; Linux x86_64) AppleWebKit/537.36 (KHTML, like Gecko) Chrome/43.0.2357.65 Safari/537.36'),
(69, 7, 'header', 'X-Requested-With: ShockwaveFlash/17.0.0.188'),
(70, 7, 'compressed', ''),
(71, 8, 'header', 'Accept-Encoding: gzip, deflate, sdch'),
(72, 8, 'header', 'Accept-Language: it-IT,it;q=0.8,en-US;q=0.6,en;q=0.4,fr;q=0.2'),
(73, 8, 'header', 'User-Agent: Mozilla/5.0 (X11; Linux x86_64) AppleWebKit/537.36 (KHTML, like Gecko) Chrome/43.0.2357.65 Safari/537.36'),
(74, 8, 'header', 'Accept: text/html,application/xhtml+xml,application/xml;q=0.9,image/webp,*/*;q=0.8'),
(75, 8, 'header', 'Referer: https://www.interwetten.com/it/scommesse-sportive/default.aspx'),
(76, 8, 'header', 'Cookie: __lb=!zD/YeNCBcby3gu8kHV/zVutpNwWoBCWw/PwxJnspZ6wtJRealcQNRaVL/co+zQpkRSsLZDp8Rwsy0is=; ASP.NET_SessionId=uszqjjmtcm0j4qko5rz4yffs; __IW_POPOVER=10-20150219=1; __IW_CLIENT_TIMEZONE=32; _gat=1; __IW_CLIENT_LEAGUEADDITIONALINFO=False; __IW_COOKIE_CULTURE=it; TS016728ff=01490d01df3a13080ef199302341813d92b65b8986a11e4e9f5eb562da6de76c17a6ebd56c0f8583cc7c5fc03eae7bad5276fc52cdf89bc475e47b9899867a4278ac2010f234323d292183bef7f8aa7798afb42c45586807141345559e2bbf7099b57412c7845bba3997f193331a2d3675a11b82fcebf10f21eb518bf6b65d6f647d3e0c75; _ga=GA1.2.123361832.1432741873'),
(77, 8, 'header', 'Connection: keep-alive'),
(78, 8, 'header', 'Cache-Control: max-age=0'),
(79, 8, 'compressed', ''),
(80, 9, 'header', 'Accept-Encoding: gzip, deflate, sdch'),
(81, 9, 'header', 'Accept-Language: it-IT,it;q=0.8,en-US;q=0.6,en;q=0.4,fr;q=0.2'),
(82, 9, 'header', 'User-Agent: Mozilla/5.0 (X11; Linux x86_64) AppleWebKit/537.36 (KHTML, like Gecko) Chrome/43.0.2357.65 Safari/537.36'),
(83, 9, 'header', 'Accept: text/html,application/xhtml+xml,application/xml;q=0.9,image/webp,*/*;q=0.8'),
(84, 9, 'header', 'Referer: http://sports.williamhill.it/bet_ita/it/betting/y/5/et/Calcio.html'),
(85, 9, 'header', 'Connection: keep-alive'),
(86, 9, 'header', 'sitePreference=DESKTOP; newUserPopup=1; xdVisitorId=12ECdJYv7gJcapNPLjhzS1WhbOLxgmULQ_RikJQZ0tp4cRk9E51; trk_jsoncookie=%7B%22visittype%22%3A%22nonc%22%7D; cust_lang=it; cust_login=; cust_prefs=it|DECIMAL|form|TYPE|PRICE|||0|SB|0|0||0|it|0|TIME|TYPE|0|2|A|0||0|1|0||TYPE|; CSRF_COOKIE=5c62959ace6f1156bb5a; __utma=249088216.165152004.1432142470.1432233095.1432743030.3; __utmb=249088216.3.10.1432743030; __utmc=249088216; __utmz=249088216.1432233095.2.2.utmcsr=google|utmccn=(organic)|utmcmd=organic|utmctr=(not%20provided); mbox=PC#1432142470220-701937.26_11#1433952645|check#true#1432743105|session#1432743029975-216395#1432744905; IBSBBLEG=; IBSBBGRP=; IBSBBBET=; IBSBBCAST=; IBSBBSLIP=; IBSBB=; atgRecVisitorId=12ECdJYv7gJcapNPLjhzS1WhbOLxgmULQ_RikJQZ0tp4cRk9E51; atgRecSessionId=tE2WI7CN430HbYIeArQB0u1VK_ElU8rDe94yCFpWkRlfnbeYmwam!429724580!-432613382; s_sq=%5B%5BB%5D%5D; s_vi=[CS]v1|2AAE614685010874-40000137400BDA95[CE]; s_cc=true; s_fid=5E4E07B69B33BF02-1101B6BE1BE8127E; s_ppvl=sports%2Ffootball%2Fcompetitions%2F%2C28%2C28%2C697%2C1905%2C485%2C1920%2C1080%2C1%2CP; s_ppv=sports%2Ffootball%2Fitalian_serie_a%2F%2C22%2C22%2C485%2C935%2C449%2C1920%2C1080%2C1%2CP'),
(87, 9, 'compressed', ''),
(88, 10, 'header', 'Cookie: GSRef=https://www.google.it/; GSMK=CMM_Id=3543&CMM_U=sport&CMM_UId=&CMM_SC=itit; ASP.NET_SessionId=kp0m1wslvaoouapcm03vfr2v; NSC_GSPOUJU!TTM_OPD=ffffffff098d3c1045525d5f4f58455e445a4a423660; _gat=1; __RequestVerificationToken=Kkpi7wEf7njZefzI8RdDu0Aj7qZz6KEE-ODiwR_ZGCBg8PT1aAKKnOHAcQ-cedamxM6Tbf8REj0zlPzRFPf73Bok_Xk1; mmcore.tst=0.187; mmid=400455049%7CIAAAAArxSQWc9QsAAA%3D%3D; mmcore.pd=1799971015%7CIQAAAAoBQvFJBZz1C1/KJ38FABSlcLT5Z9JIDwAAANFWKNs3YdJIAAAAAP//////////AAZEaXJlY3QB/gsBAAQAAAAAAAAAAP///////////////wAAAAAAAUU%3D; mmcore.srv=ldnvwcgeu01; _ga=GA1.2.1706218562.1432142296; CT=CartListChoiceId='),
(89, 10, 'header', 'Origin: https://www.betclic.it'),
(90, 10, 'header', 'Accept-Encoding: gzip, deflate'),
(91, 10, 'header', 'Accept-Language: it-IT,it;q=0.8,en-US;q=0.6,en;q=0.4,fr;q=0.2'),
(92, 10, 'header', 'User-Agent: Mozilla/5.0 (X11; Linux x86_64) AppleWebKit/537.36 (KHTML, like Gecko) Chrome/43.0.2357.81 Safari/537.36'),
(93, 10, 'header', 'Content-Type: application/x-www-form-urlencoded; charset=UTF-8'),
(94, 10, 'header', 'Accept: application/json, text/javascript, */*; q=0.01'),
(95, 10, 'header', 'Referer: https://www.betclic.it/calcio/serie-b-e30'),
(96, 10, 'header', 'X-Requested-With: XMLHttpRequest'),
(97, 10, 'header', 'Connection: keep-alive'),
(98, 10, 'payload_post', 'a:2:{s:2:"id";i:30;s:22:"marketTypeCategoryCode";s:3:"All";}'),
(99, 10, 'compressed', ''),
(100, 11, 'header', 'Accept-Encoding: gzip, deflate, sdch'),
(101, 11, 'header', 'Accept-Language: it-IT,it;q=0.8,en-US;q=0.6,en;q=0.4,fr;q=0.2'),
(102, 11, 'header', 'User-Agent: Mozilla/5.0 (X11; Linux x86_64) AppleWebKit/537.36 (KHTML, like Gecko) Chrome/43.0.2357.81 Safari/537.36'),
(103, 11, 'header', 'Accept: text/html,application/xhtml+xml,application/xml;q=0.9,image/webp,*/*;q=0.8'),
(104, 11, 'header', 'Referer: http://www.pinnacle.com/'),
(105, 11, 'header', 'Cookie: PCTR=637253018604755410; vidi=53f6941d14234dfcab5af29bae038bad; ASP.NET_SessionId=mftlxriltvmszyx3w4wavisx; UserPrefsCookie=languageId=2&priceStyle=decimal&linesTypeView=c&device=d&languageGroup=all; LastPageCookie=url=http://www.pinnacle.com/lines.aspx?type=league&sport=Soccer&league=Serie A&periods=1&time=29/05/2015 08:07:29; ADRUM=s=1432913033475&r=http%3A%2F%2Fwww.pinnacle.com%2FLeague%2FSoccer%2FSerie%2BA%2F1%2FLines.aspx%3F0'),
(106, 11, 'header', 'Connection: keep-alive'),
(107, 11, 'header', 'Cache-Control: max-age=0'),
(108, 11, 'compressed', ''),
(109, 12, 'header', 'Cookie: _hjUserId=e04003a4-08a5-4110-91b9-3911188efb1e; liveagent_oref=https://www.google.it/; liveagent_ptid=0cfeae65-c967-411d-abc9-7bd25f39487b; bannerId=300600; affiliateId=50420; route=1387477e909a4999ee9f758a54d2dfc3; _hjIncludedInSample=1; sportbet.cookietest=checked; _gat=1; liveagent_sid=f87eb60d-a3db-483f-9ca4-5d0d9c8d88d1; liveagent_vc=4; _ga=GA1.2.1604514020.1431877605'),
(110, 12, 'header', 'Origin: https://www.tipico.it'),
(111, 12, 'header', 'Accept-Encoding: gzip, deflate'),
(112, 12, 'header', 'Accept-Language: it-IT,it;q=0.8,en-US;q=0.6,en;q=0.4,fr;q=0.2'),
(113, 12, 'header', 'User-Agent: Mozilla/5.0 (X11; Linux x86_64) AppleWebKit/537.36 (KHTML, like Gecko) Chrome/43.0.2357.81 Safari/537.36'),
(114, 12, 'header', 'Content-Type: application/x-www-form-urlencoded; charset=UTF-8'),
(115, 12, 'header', 'Accept: text/html, */*; q=0.01'),
(116, 12, 'header', 'cache-control: no-cache'),
(117, 12, 'header', 'X-Requested-With: XMLHttpRequest'),
(118, 12, 'header', 'Connection: keep-alive'),
(119, 12, 'header', 'Referer: https://www.tipico.it/it/scommesse-sportive-online/calcio/italia/serie-a/g33301/'),
(120, 12, 'payload_post', 'a:1:{s:1:"_";s:57:"/sports/selection/toggle%3FgroupId%3D33301%26type%3DGROUP";}'),
(121, 12, 'compressed', ''),
(128, 16, 'header', 'Cookie: _gat=1; has_js=1; _ga=GA1.2.1134858165.1432926143; IZI_SESSION_ID=AS_iziplay02.cogetech.it934214329261367644; is_returning=1; IZI-COOKIE=ffffffff09451f7545525d5f4f58455e445a4a423660'),
(129, 16, 'header', 'Origin: https://www.iziplay.it'),
(130, 16, 'header', 'Accept-Encoding: gzip, deflate'),
(131, 16, 'header', 'Accept-Language: it-IT,it;q=0.8,en-US;q=0.6,en;q=0.4,fr;q=0.2'),
(132, 16, 'header', 'User-Agent: Mozilla/5.0 (X11; Linux x86_64) AppleWebKit/537.36 (KHTML, like Gecko) Chrome/43.0.2357.81 Safari/537.36'),
(133, 16, 'header', 'Content-Type: application/x-www-form-urlencoded; charset=UTF-8'),
(134, 16, 'header', 'Accept: */*'),
(135, 16, 'header', 'Referer: https://www.iziplay.it/scommesse-sportive'),
(136, 16, 'header', 'X-Requested-With: XMLHttpRequest'),
(137, 16, 'header', 'Connection: keep-alive'),
(138, 16, 'payload_post', 'a:2:{s:8:"keyManif";s:4:"1_21";s:9:"keyGruppo";s:6:"1_21_1";}'),
(139, 16, 'compressed', ''),
(140, 17, 'header', 'Cookie: cif=0; cp2=0; rmbs=3; pstk=DB0873F5688E43BCABE35A1F2441B13F000003; aps03=oty=2&cg=0&cst=230&tzi=4&cf=N&ct=97&hd=N&lng=6; ASPSESSIONIDCCQBSDSR=IBFPJAODNGBPMPHABLFLBNCG; ASPSESSIONIDQAQDRBRS=IJLLMCODEFGJCDNJLFCFFOBM; ASPSESSIONIDQAQCRARS=IKPCNCODNIDLLKOAKBEKBGIP; ASPSESSIONIDCAQCRDTR=FGLBJAODHDLAMEMBLANDJGMM; ASPSESSIONIDACRBTCTQ=IJFFKAODDONLDINJFFDCKHLP; ASPSESSIONIDQCQBRBQS=FCJLCDODJKPNBJIJHNFGAGCP; ASPSESSIONIDQAQBSAQT=BKOOCDODOGGELCECCPFDOHHD; ASPSESSIONIDCCQCTCTR=IMMHPAODOEJACPGLOMIGJFCA; session=processform=0&id=%7BC5B80676%2D22C7%2D46C1%2D8963%2D1F13200B55BD%7D&psite=1&flslnk=&event=&diary=&fms=&pscp=%23AC%23B1%23C1%23D13%23E26365896%23F2%23R1%23; ASPSESSIONIDAARCSATT=JFHHMLPDBLLPJAHPNPFGKMHN'),
(141, 17, 'header', 'Accept-Encoding: gzip, deflate, sdch'),
(142, 17, 'header', 'Accept-Language: it-IT,it;q=0.8,en-US;q=0.6,en;q=0.4,fr;q=0.2'),
(143, 17, 'header', 'User-Agent: Mozilla/5.0 (X11; Linux x86_64) AppleWebKit/537.36 (KHTML, like Gecko) Chrome/43.0.2357.81 Safari/537.36'),
(144, 17, 'header', 'Accept: */*'),
(145, 17, 'header', 'Referer: http://www.bet365.it/home/FlashGen4/WebConsoleApp.asp?&cb=105802016378'),
(146, 17, 'header', 'X-Requested-With: ShockwaveFlash/17.0.0.188'),
(147, 17, 'header', 'Connection: keep-alive'),
(148, 17, 'compressed', ''),
(149, 18, 'header', 'Cookie: cmshn=1; ASP.NET_SessionId=v0mngkkgjunlse31oylus12s; PageBackground=/default/5920_2015_ed_imd/image; tdpeh=S1432928345_ADOGOe_AGI28040_ADI132880_TRMYndpbg==_DVCc_RFDd3d3Lmdvb2dsZS5pdA==; trackerId=4412043; trackingAffiliate=4412043; usersettings=cid=it-IT&fv=false&ns=false&vc=4&s=2&sst=2015-05-29T20:39:08&psst=2015-05-29T20:39:04; bonus-min=%2Fit%2Fsignupbonus%3FtrackerId%3D4412043; __RequestVerificationToken=orOwtSncKrgsVTLReCpswek2051B5pnpOfc_xE9Cp__EGhCtEjfix2kXOXcuuEZ7upEXAA2; mmcore.tst=0.647; mmid=1985569155%7CCAAAAAo8D8SF9QsAAA%3D%3D; mmcore.pd=1905162822%7CCAAAAAoBQjwPxIX1C81U/WwCAOoHchheaNJIDwAAACGa8lk4YdJIAAAAAFUAAAD/////AA13d3cuZ29vZ2xlLml0BP4LAQABAAAAAAAAAAD///////////////8AAAAAAAFF; mmcore.srv=ldnvwcgeu10; s_cc=true; ADRUM_BT=R%3a32%7cclientRequestGUID%3aa8c31ce9-c41f-4db2-9b00-c7cf2fdd67c7%7cbtId%3a16043%7cbtERT%3a80; s_sq=bwinit%3D%2526pid%253Dhttps%25253A%25252F%25252Fsports.bwin.it%25252Fit%25252Fsports%2526oid%253Dhttps%25253A%25252F%25252Fsports.bwin.it%25252Fit%25252Fsports%25252F4%25252F8575%25252Fscommesse%25252Fserie-a%2526ot%253DA'),
(150, 18, 'header', 'Origin: https://sports.bwin.it'),
(151, 18, 'header', 'Accept-Encoding: gzip, deflate'),
(152, 18, 'header', 'Accept-Language: it-IT,it;q=0.8,en-US;q=0.6,en;q=0.4,fr;q=0.2'),
(153, 18, 'header', 'User-Agent: Mozilla/5.0 (X11; Linux x86_64) AppleWebKit/537.36 (KHTML, like Gecko) Chrome/43.0.2357.81 Safari/537.36'),
(154, 18, 'header', 'Content-Type: application/x-www-form-urlencoded; charset=UTF-8'),
(155, 18, 'header', 'Accept: */*'),
(156, 18, 'header', 'Referer: https://sports.bwin.it/it/sports'),
(157, 18, 'header', 'X-Requested-With: XMLHttpRequest'),
(158, 18, 'header', 'Connection: keep-alive'),
(159, 18, 'payload_post', 'a:2:{s:7:"sportId";s:1:"4";s:9:"leagueIds";s:4:"8575";}'),
(160, 18, 'compressed', ''),
(161, 19, 'header', 'okie: ITBetFlag=2dg34rlfhd23t3mrm3bt3xco; __utmt=1; __utma=168335282.488171360.1432928912.1432928912.1432928912.1; __utmb=168335282.1.10.1432928912; __utmc=168335282; __utmz=168335282.1432928912.1.1.utmcsr=google|utmccn=(organic)|utmcmd=organic|utmctr=(not%20provided)'),
(162, 19, 'header', 'Origin: https://www.betflag.it'),
(163, 19, 'header', 'Accept-Encoding: gzip, deflate'),
(164, 19, 'header', 'Accept-Language: it-IT,it;q=0.8,en-US;q=0.6,en;q=0.4,fr;q=0.2'),
(165, 19, 'header', 'User-Agent: Mozilla/5.0 (X11; Linux x86_64) AppleWebKit/537.36 (KHTML, like Gecko) Chrome/43.0.2357.81 Safari/537.36'),
(166, 19, 'header', 'Content-Type: application/json; charset=UTF-8'),
(167, 19, 'header', 'Accept: */*'),
(168, 19, 'header', 'Referer: https://www.betflag.it/sport'),
(169, 19, 'header', 'X-Requested-With: XMLHttpRequest'),
(170, 19, 'header', 'Connection: keep-alive'),
(171, 19, 'data-binary', ''),
(172, 19, 'payload_post', 'a:1:{s:10:"__string__";s:71:"{"idSport":1,"idManifestazione":21,"idTipoScommessa":3,"idNazione":112}";}'),
(173, 19, 'compressed', ''),
(174, 20, 'header', 'accept-encoding: gzip, deflate, sdch'),
(175, 20, 'header', 'accept-language: it-IT,it;q=0.8,en-US;q=0.6,en;q=0.4,fr;q=0.2'),
(176, 20, 'header', 'user-agent: Mozilla/5.0 (X11; Linux x86_64) AppleWebKit/537.36 (KHTML, like Gecko) Chrome/43.0.2357.81 Safari/537.36'),
(177, 20, 'header', 'accept: text/html,application/xhtml+xml,application/xml;q=0.9,image/webp,*/*;q=0.8'),
(178, 20, 'header', 'referer: https://www.marathonbet.com/it/'),
(179, 20, 'header', 'cookie: __cfduid=df461d9cd6d43bb7efd18221469720d891432978045; puid=rBkpHFVpgn4ORxrUA2fFAg==; __utma=165002403.1873533453.1432978049.1432978053.1432978053.1; __utmb=165002403.6.8.1432978062685; __utmc=165002403; __utmz=165002403.1432978053.1.1.utmcsr=google|utmccn=(organic)|utmcmd=organic|utmctr=(not%20provided); _gat_UA-20393386-1=1; _dc_gtm_UA-55273062-1=1; _gat_UA-55273062-1=1; _ga=GA1.2.1873533453.1432978049; _dc_gtm_UA-55273062-3=1; _ga=GA1.3.1873533453.1432978049; _gat=1; _ym_visorc_24133222=b'),
(180, 20, 'compressed', ''),
(199, 23, 'header', 'Origin: https://www.goldbetsports.com'),
(200, 23, 'header', 'Accept-Encoding: gzip, deflate, sdch'),
(201, 23, 'header', 'Accept-Language: it-IT,it;q=0.8,en-US;q=0.6,en;q=0.4,fr;q=0.2'),
(202, 23, 'header', 'User-Agent: Mozilla/5.0 (X11; Linux x86_64) AppleWebKit/537.36 (KHTML, like Gecko) Chrome/43.0.2357.81 Safari/537.36'),
(203, 23, 'header', 'Accept: */*'),
(204, 23, 'header', 'Referer: https://www.goldbetsports.com/it/sport/'),
(205, 23, 'header', 'Connection: keep-alive'),
(206, 23, 'compressed', ''),
(207, 24, 'header', 'Referer: https://www.unibet.it/betting'),
(208, 24, 'header', 'User-Agent: Mozilla/5.0 (X11; Linux x86_64) AppleWebKit/537.36 (KHTML, like Gecko) Chrome/43.0.2357.81 Safari/537.36'),
(209, 24, 'header', 'X-Requested-With: ShockwaveFlash/17.0.0.188'),
(210, 24, 'compressed', ''),
(211, 27, 'header', 'Referer: https://www.unibet.it/betting'),
(212, 27, 'header', 'User-Agent: Mozilla/5.0 (X11; Linux x86_64) AppleWebKit/537.36 (KHTML, like Gecko) Chrome/43.0.2357.65 Safari/537.36'),
(213, 27, 'header', 'X-Requested-With: ShockwaveFlash/17.0.0.188'),
(214, 27, 'compressed', ''),
(215, 28, 'header', 'Referer: https://www.unibet.it/betting'),
(216, 28, 'header', 'User-Agent: Mozilla/5.0 (X11; Linux x86_64) AppleWebKit/537.36 (KHTML, like Gecko) Chrome/43.0.2357.65 Safari/537.36'),
(217, 28, 'header', 'X-Requested-With: ShockwaveFlash/17.0.0.188'),
(218, 28, 'compressed', ''),
(219, 29, 'header', 'Referer: https://www.unibet.it/betting'),
(220, 29, 'header', 'User-Agent: Mozilla/5.0 (X11; Linux x86_64) AppleWebKit/537.36 (KHTML, like Gecko) Chrome/43.0.2357.65 Safari/537.36'),
(221, 29, 'header', 'X-Requested-With: ShockwaveFlash/17.0.0.188'),
(222, 29, 'compressed', ''),
(223, 30, 'header', 'Referer: https://www.unibet.it/betting'),
(224, 30, 'header', 'User-Agent: Mozilla/5.0 (X11; Linux x86_64) AppleWebKit/537.36 (KHTML, like Gecko) Chrome/43.0.2357.65 Safari/537.36'),
(225, 30, 'header', 'X-Requested-With: ShockwaveFlash/17.0.0.188'),
(226, 30, 'compressed', ''),
(227, 31, 'header', 'Referer: https://www.unibet.it/betting'),
(228, 31, 'header', 'User-Agent: Mozilla/5.0 (X11; Linux x86_64) AppleWebKit/537.36 (KHTML, like Gecko) Chrome/43.0.2357.65 Safari/537.36'),
(229, 31, 'header', 'X-Requested-With: ShockwaveFlash/17.0.0.188'),
(230, 31, 'compressed', ''),
(231, 32, 'header', 'Referer: https://www.unibet.it/betting'),
(232, 32, 'header', 'User-Agent: Mozilla/5.0 (X11; Linux x86_64) AppleWebKit/537.36 (KHTML, like Gecko) Chrome/43.0.2357.65 Safari/537.36'),
(233, 32, 'header', 'X-Requested-With: ShockwaveFlash/17.0.0.188'),
(234, 32, 'compressed', ''),
(235, 33, 'header', 'Referer: https://www.unibet.it/betting'),
(236, 33, 'header', 'User-Agent: Mozilla/5.0 (X11; Linux x86_64) AppleWebKit/537.36 (KHTML, like Gecko) Chrome/43.0.2357.65 Safari/537.36'),
(237, 33, 'header', 'X-Requested-With: ShockwaveFlash/17.0.0.188'),
(238, 33, 'compressed', ''),
(239, 34, 'header', 'Referer: https://www.unibet.it/betting'),
(240, 34, 'header', 'User-Agent: Mozilla/5.0 (X11; Linux x86_64) AppleWebKit/537.36 (KHTML, like Gecko) Chrome/43.0.2357.65 Safari/537.36'),
(241, 34, 'header', 'X-Requested-With: ShockwaveFlash/17.0.0.188'),
(242, 34, 'compressed', ''),
(243, 35, 'header', 'Referer: https://www.unibet.it/betting'),
(244, 35, 'header', 'User-Agent: Mozilla/5.0 (X11; Linux x86_64) AppleWebKit/537.36 (KHTML, like Gecko) Chrome/43.0.2357.65 Safari/537.36'),
(245, 35, 'header', 'X-Requested-With: ShockwaveFlash/17.0.0.188'),
(246, 35, 'compressed', ''),
(247, 36, 'header', 'Referer: https://www.unibet.it/betting'),
(248, 36, 'header', 'User-Agent: Mozilla/5.0 (X11; Linux x86_64) AppleWebKit/537.36 (KHTML, like Gecko) Chrome/43.0.2357.65 Safari/537.36'),
(249, 36, 'header', 'X-Requested-With: ShockwaveFlash/17.0.0.188'),
(250, 36, 'compressed', ''),
(251, 37, 'header', 'Referer: https://www.unibet.it/betting'),
(252, 37, 'header', 'User-Agent: Mozilla/5.0 (X11; Linux x86_64) AppleWebKit/537.36 (KHTML, like Gecko) Chrome/43.0.2357.65 Safari/537.36'),
(253, 37, 'header', 'X-Requested-With: ShockwaveFlash/17.0.0.188'),
(254, 37, 'compressed', ''),
(255, 38, 'header', 'Referer: https://www.unibet.it/betting'),
(256, 38, 'header', 'User-Agent: Mozilla/5.0 (X11; Linux x86_64) AppleWebKit/537.36 (KHTML, like Gecko) Chrome/43.0.2357.65 Safari/537.36'),
(257, 38, 'header', 'X-Requested-With: ShockwaveFlash/17.0.0.188'),
(258, 38, 'compressed', ''),
(259, 39, 'header', 'Origin: https://www.lottomatica.it'),
(260, 39, 'header', 'Accept-Encoding: gzip, deflate'),
(261, 39, 'header', 'Accept-Language: it-IT,it;q=0.8,en-US;q=0.6,en;q=0.4,fr;q=0.2'),
(262, 39, 'header', 'User-Agent: Mozilla/5.0 (X11; Linux x86_64) AppleWebKit/537.36 (KHTML, like Gecko) Chrome/42.0.2311.152 Safari/537.36'),
(263, 39, 'header', 'Content-Type: text/plain'),
(264, 39, 'header', 'Accept: */*'),
(265, 39, 'header', 'Referer: https://www.lottomatica.it/scommesse/home.do'),
(266, 39, 'header', 'Cookie: s_adserv=lttmtc-lottomatica.it; __utma=142764074.760386197.1431877726.1432059876.1432065330.3; __utmb=142764074.1.10.1432065330; __utmc=142764074; __utmz=142764074.1432065330.3.3.utmcsr=google|utmccn=(organic)|utmcmd=organic|utmctr=(not%20provided); mbox=PC#1431877726153-883095.26_19#1433274930|check#true#1432065390|session#1432065329212-721213#1432067190; s_cc=true; s_sq=lttmtc-lottomatica.it%3D%2526pid%253Dscommesse%252520%25253A%252520home%2526pidt%253D1%2526oid%253Dhttps%25253A%25252F%25252Fwww.lottomatica.it%25252Fscommesse%25252Fhome.do%2526ot%253DA'),
(267, 39, 'header', 'Connection: keep-alive'),
(268, 39, 'data-binary', ''),
(269, 39, 'compressed', ''),
(270, 39, 'payload_post', 'a:10:{s:9:"callCount";s:1:"1";s:4:"page";s:18:"/scommesse/home.do";s:13:"httpSessionId";s:32:"EDEC3D33818AFDD8CFF3C129B3C0AF21";s:15:"scriptSessionId";s:35:"40839589F8822C6AE7E35EEB284A98CC167";s:13:"c0-scriptName";s:17:"manifestazioniDwr";s:13:"c0-methodName";s:18:"clicManifestazione";s:5:"c0-id";s:1:"0";s:9:"c0-param0";s:11:"string:1.22";s:9:"c0-param1";s:13:"boolean:false";s:7:"batchId";s:1:"3";}'),
(271, 40, 'header', 'Cookie: MPPARTNER=3133263433265b6661636f6c74617469766f5d265b6661636f6c74617469766f5d2630; JSESSIONID=606E690809003C7A6CA939BDE08E4D1F.jvm4; GUEST_LANGUAGE_ID=it_IT; COOKIE_SUPPORT=true; mppartner=3133263433265b6661636f6c74617469766f5d265b6661636f6c74617469766f5d2630; gvsC=New; sc.ASP.NET_SESSIONID=arrmw12tcds3tmp2vyvdejot; sc.Status=4; cm=SEO%7Chttps%3A%2F%2Fwww.google.it%2F%7CGoogle%20-%20Italy%7CNo%20Keyword; mbox=session#1432068850265-823853#1432071565|check#true#1432069765; utag_main=v_id:014d6df489f8000df01910a919e906069001406100bd0$_sn:1$_ss:0$_pn:11%3Bexp-session$_st:1432071504609$ses_id:1432068852216%3Bexp-session; detargettizzato=falso; utente_detargettizzato=undefined; s_cc=true; _ga=GA1.2.1136652916.1432068855; s_vi=[CS]v1|2AADD17D851D0D64-4000190200032ABB[CE]; pvd=pvd%3DGE9005; s_fid=66944CEBD50DD897-2DE17097D2C14F48; s_nr=1432070984846-New; s_lv=1432070984846; s_lv_s=First%20Visit; s_keywordStack=%5B%5B%27Natural%2520%255Bno%2520keyword%255D%27%2C%271432070984849%27%5D%5D; s_channelStack=%5B%5B%27SEO%27%2C%271432070984849%27%5D%5D; SC_LINKS_S=%5B%5BB%5D%5D; s_sq=sisalpreprod%3D%2526pid%253Dscommesse-matchpoint%25253Apalinsesto%2526pidt%253D1%2526oid%253Djavascript%25253Avoid%2525280%252529%25253B%2526ot%253DA'),
(272, 40, 'header', 'Origin: http://www.sisal.it'),
(273, 40, 'header', 'Accept-Encoding: gzip, deflate'),
(274, 40, 'header', 'Accept-Language: it-IT,it;q=0.8,en-US;q=0.6,en;q=0.4,fr;q=0.2'),
(275, 40, 'header', 'User-Agent: Mozilla/5.0 (X11; Linux x86_64) AppleWebKit/537.36 (KHTML, like Gecko) Chrome/42.0.2311.152 Safari/537.36'),
(276, 40, 'header', 'Accept: application/json, text/javascript, */*; q=0.01'),
(277, 40, 'header', 'Referer: http://www.sisal.it/scommesse-matchpoint/palinsesto?dis=1&man=22&fil=0'),
(278, 40, 'header', 'X-Requested-With: XMLHttpRequest'),
(279, 40, 'header', 'Connection: keep-alive'),
(280, 40, 'header', 'Content-Length: 0'),
(281, 40, 'compressed', ''),
(282, 40, '-X POST', ''),
(283, 41, 'header', 'Cookie: MPPARTNER=3133263433265b6661636f6c74617469766f5d265b6661636f6c74617469766f5d2630; JSESSIONID=606E690809003C7A6CA939BDE08E4D1F.jvm4; GUEST_LANGUAGE_ID=it_IT; COOKIE_SUPPORT=true; mppartner=3133263433265b6661636f6c74617469766f5d265b6661636f6c74617469766f5d2630; gvsC=New; sc.ASP.NET_SESSIONID=arrmw12tcds3tmp2vyvdejot; sc.Status=4; cm=SEO%7Chttps%3A%2F%2Fwww.google.it%2F%7CGoogle%20-%20Italy%7CNo%20Keyword; mbox=session#1432068850265-823853#1432071565|check#true#1432069765; utag_main=v_id:014d6df489f8000df01910a919e906069001406100bd0$_sn:1$_ss:0$_pn:11%3Bexp-session$_st:1432071504609$ses_id:1432068852216%3Bexp-session; detargettizzato=falso; utente_detargettizzato=undefined; s_cc=true; _ga=GA1.2.1136652916.1432068855; s_vi=[CS]v1|2AADD17D851D0D64-4000190200032ABB[CE]; pvd=pvd%3DGE9005; s_fid=66944CEBD50DD897-2DE17097D2C14F48; s_nr=1432070984846-New; s_lv=1432070984846; s_lv_s=First%20Visit; s_keywordStack=%5B%5B%27Natural%2520%255Bno%2520keyword%255D%27%2C%271432070984849%27%5D%5D; s_channelStack=%5B%5B%27SEO%27%2C%271432070984849%27%5D%5D; SC_LINKS_S=%5B%5BB%5D%5D; s_sq=sisalpreprod%3D%2526pid%253Dscommesse-matchpoint%25253Apalinsesto%2526pidt%253D1%2526oid%253Djavascript%25253Avoid%2525280%252529%25253B%2526ot%253DA'),
(284, 41, 'header', 'Origin: http://www.sisal.it'),
(285, 41, 'header', 'Accept-Encoding: gzip, deflate'),
(286, 41, 'header', 'Accept-Language: it-IT,it;q=0.8,en-US;q=0.6,en;q=0.4,fr;q=0.2'),
(287, 41, 'header', 'User-Agent: Mozilla/5.0 (X11; Linux x86_64) AppleWebKit/537.36 (KHTML, like Gecko) Chrome/42.0.2311.152 Safari/537.36'),
(288, 41, 'header', 'Accept: application/json, text/javascript, */*; q=0.01'),
(289, 41, 'header', 'Referer: http://www.sisal.it/scommesse-matchpoint/palinsesto?dis=1&man=22&fil=0'),
(290, 41, 'header', 'X-Requested-With: XMLHttpRequest'),
(291, 41, 'header', 'Connection: keep-alive'),
(292, 41, 'header', 'Content-Length: 0'),
(293, 41, 'compressed', ''),
(294, 41, '-X POST', ''),
(295, 42, 'header', 'Cookie: MPPARTNER=3133263433265b6661636f6c74617469766f5d265b6661636f6c74617469766f5d2630; JSESSIONID=606E690809003C7A6CA939BDE08E4D1F.jvm4; GUEST_LANGUAGE_ID=it_IT; COOKIE_SUPPORT=true; mppartner=3133263433265b6661636f6c74617469766f5d265b6661636f6c74617469766f5d2630; gvsC=New; sc.ASP.NET_SESSIONID=arrmw12tcds3tmp2vyvdejot; sc.Status=4; cm=SEO%7Chttps%3A%2F%2Fwww.google.it%2F%7CGoogle%20-%20Italy%7CNo%20Keyword; mbox=session#1432068850265-823853#1432071565|check#true#1432069765; utag_main=v_id:014d6df489f8000df01910a919e906069001406100bd0$_sn:1$_ss:0$_pn:11%3Bexp-session$_st:1432071504609$ses_id:1432068852216%3Bexp-session; detargettizzato=falso; utente_detargettizzato=undefined; s_cc=true; _ga=GA1.2.1136652916.1432068855; s_vi=[CS]v1|2AADD17D851D0D64-4000190200032ABB[CE]; pvd=pvd%3DGE9005; s_fid=66944CEBD50DD897-2DE17097D2C14F48; s_nr=1432070984846-New; s_lv=1432070984846; s_lv_s=First%20Visit; s_keywordStack=%5B%5B%27Natural%2520%255Bno%2520keyword%255D%27%2C%271432070984849%27%5D%5D; s_channelStack=%5B%5B%27SEO%27%2C%271432070984849%27%5D%5D; SC_LINKS_S=%5B%5BB%5D%5D; s_sq=sisalpreprod%3D%2526pid%253Dscommesse-matchpoint%25253Apalinsesto%2526pidt%253D1%2526oid%253Djavascript%25253Avoid%2525280%252529%25253B%2526ot%253DA'),
(296, 42, 'header', 'Origin: http://www.sisal.it'),
(297, 42, 'header', 'Accept-Encoding: gzip, deflate'),
(298, 42, 'header', 'Accept-Language: it-IT,it;q=0.8,en-US;q=0.6,en;q=0.4,fr;q=0.2'),
(299, 42, 'header', 'User-Agent: Mozilla/5.0 (X11; Linux x86_64) AppleWebKit/537.36 (KHTML, like Gecko) Chrome/42.0.2311.152 Safari/537.36'),
(300, 42, 'header', 'Accept: application/json, text/javascript, */*; q=0.01'),
(301, 42, 'header', 'Referer: http://www.sisal.it/scommesse-matchpoint/palinsesto?dis=1&man=22&fil=0'),
(302, 42, 'header', 'X-Requested-With: XMLHttpRequest'),
(303, 42, 'header', 'Connection: keep-alive'),
(304, 42, 'header', 'Content-Length: 0'),
(305, 42, 'compressed', ''),
(306, 42, '-X POST', ''),
(307, 43, 'header', 'Cookie: MPPARTNER=3133263433265b6661636f6c74617469766f5d265b6661636f6c74617469766f5d2630; JSESSIONID=606E690809003C7A6CA939BDE08E4D1F.jvm4; GUEST_LANGUAGE_ID=it_IT; COOKIE_SUPPORT=true; mppartner=3133263433265b6661636f6c74617469766f5d265b6661636f6c74617469766f5d2630; gvsC=New; sc.ASP.NET_SESSIONID=arrmw12tcds3tmp2vyvdejot; sc.Status=4; cm=SEO%7Chttps%3A%2F%2Fwww.google.it%2F%7CGoogle%20-%20Italy%7CNo%20Keyword; mbox=session#1432068850265-823853#1432071565|check#true#1432069765; utag_main=v_id:014d6df489f8000df01910a919e906069001406100bd0$_sn:1$_ss:0$_pn:11%3Bexp-session$_st:1432071504609$ses_id:1432068852216%3Bexp-session; detargettizzato=falso; utente_detargettizzato=undefined; s_cc=true; _ga=GA1.2.1136652916.1432068855; s_vi=[CS]v1|2AADD17D851D0D64-4000190200032ABB[CE]; pvd=pvd%3DGE9005; s_fid=66944CEBD50DD897-2DE17097D2C14F48; s_nr=1432070984846-New; s_lv=1432070984846; s_lv_s=First%20Visit; s_keywordStack=%5B%5B%27Natural%2520%255Bno%2520keyword%255D%27%2C%271432070984849%27%5D%5D; s_channelStack=%5B%5B%27SEO%27%2C%271432070984849%27%5D%5D; SC_LINKS_S=%5B%5BB%5D%5D; s_sq=sisalpreprod%3D%2526pid%253Dscommesse-matchpoint%25253Apalinsesto%2526pidt%253D1%2526oid%253Djavascript%25253Avoid%2525280%252529%25253B%2526ot%253DA'),
(308, 43, 'header', 'Origin: http://www.sisal.it'),
(309, 43, 'header', 'Accept-Encoding: gzip, deflate'),
(310, 43, 'header', 'Accept-Language: it-IT,it;q=0.8,en-US;q=0.6,en;q=0.4,fr;q=0.2'),
(311, 43, 'header', 'User-Agent: Mozilla/5.0 (X11; Linux x86_64) AppleWebKit/537.36 (KHTML, like Gecko) Chrome/42.0.2311.152 Safari/537.36'),
(312, 43, 'header', 'Accept: application/json, text/javascript, */*; q=0.01'),
(313, 43, 'header', 'Referer: http://www.sisal.it/scommesse-matchpoint/palinsesto?dis=1&man=22&fil=0'),
(314, 43, 'header', 'X-Requested-With: XMLHttpRequest'),
(315, 43, 'header', 'Connection: keep-alive'),
(316, 43, 'header', 'Content-Length: 0'),
(317, 43, 'compressed', ''),
(318, 43, '-X POST', ''),
(319, 44, 'header', 'Cookie: MPPARTNER=3133263433265b6661636f6c74617469766f5d265b6661636f6c74617469766f5d2630; JSESSIONID=606E690809003C7A6CA939BDE08E4D1F.jvm4; GUEST_LANGUAGE_ID=it_IT; COOKIE_SUPPORT=true; mppartner=3133263433265b6661636f6c74617469766f5d265b6661636f6c74617469766f5d2630; gvsC=New; sc.ASP.NET_SESSIONID=arrmw12tcds3tmp2vyvdejot; sc.Status=4; cm=SEO%7Chttps%3A%2F%2Fwww.google.it%2F%7CGoogle%20-%20Italy%7CNo%20Keyword; mbox=session#1432068850265-823853#1432071565|check#true#1432069765; utag_main=v_id:014d6df489f8000df01910a919e906069001406100bd0$_sn:1$_ss:0$_pn:11%3Bexp-session$_st:1432071504609$ses_id:1432068852216%3Bexp-session; detargettizzato=falso; utente_detargettizzato=undefined; s_cc=true; _ga=GA1.2.1136652916.1432068855; s_vi=[CS]v1|2AADD17D851D0D64-4000190200032ABB[CE]; pvd=pvd%3DGE9005; s_fid=66944CEBD50DD897-2DE17097D2C14F48; s_nr=1432070984846-New; s_lv=1432070984846; s_lv_s=First%20Visit; s_keywordStack=%5B%5B%27Natural%2520%255Bno%2520keyword%255D%27%2C%271432070984849%27%5D%5D; s_channelStack=%5B%5B%27SEO%27%2C%271432070984849%27%5D%5D; SC_LINKS_S=%5B%5BB%5D%5D; s_sq=sisalpreprod%3D%2526pid%253Dscommesse-matchpoint%25253Apalinsesto%2526pidt%253D1%2526oid%253Djavascript%25253Avoid%2525280%252529%25253B%2526ot%253DA'),
(320, 44, 'header', 'Origin: http://www.sisal.it'),
(321, 44, 'header', 'Accept-Encoding: gzip, deflate'),
(322, 44, 'header', 'Accept-Language: it-IT,it;q=0.8,en-US;q=0.6,en;q=0.4,fr;q=0.2'),
(323, 44, 'header', 'User-Agent: Mozilla/5.0 (X11; Linux x86_64) AppleWebKit/537.36 (KHTML, like Gecko) Chrome/42.0.2311.152 Safari/537.36'),
(324, 44, 'header', 'Accept: application/json, text/javascript, */*; q=0.01'),
(325, 44, 'header', 'Referer: http://www.sisal.it/scommesse-matchpoint/palinsesto?dis=1&man=22&fil=0'),
(326, 44, 'header', 'X-Requested-With: XMLHttpRequest'),
(327, 44, 'header', 'Connection: keep-alive'),
(328, 44, 'header', 'Content-Length: 0'),
(329, 44, 'compressed', ''),
(330, 44, '-X POST', ''),
(331, 45, 'header', 'Cookie: MPPARTNER=3133263433265b6661636f6c74617469766f5d265b6661636f6c74617469766f5d2630; JSESSIONID=606E690809003C7A6CA939BDE08E4D1F.jvm4; GUEST_LANGUAGE_ID=it_IT; COOKIE_SUPPORT=true; mppartner=3133263433265b6661636f6c74617469766f5d265b6661636f6c74617469766f5d2630; gvsC=New; sc.ASP.NET_SESSIONID=arrmw12tcds3tmp2vyvdejot; sc.Status=4; cm=SEO%7Chttps%3A%2F%2Fwww.google.it%2F%7CGoogle%20-%20Italy%7CNo%20Keyword; mbox=session#1432068850265-823853#1432071565|check#true#1432069765; utag_main=v_id:014d6df489f8000df01910a919e906069001406100bd0$_sn:1$_ss:0$_pn:11%3Bexp-session$_st:1432071504609$ses_id:1432068852216%3Bexp-session; detargettizzato=falso; utente_detargettizzato=undefined; s_cc=true; _ga=GA1.2.1136652916.1432068855; s_vi=[CS]v1|2AADD17D851D0D64-4000190200032ABB[CE]; pvd=pvd%3DGE9005; s_fid=66944CEBD50DD897-2DE17097D2C14F48; s_nr=1432070984846-New; s_lv=1432070984846; s_lv_s=First%20Visit; s_keywordStack=%5B%5B%27Natural%2520%255Bno%2520keyword%255D%27%2C%271432070984849%27%5D%5D; s_channelStack=%5B%5B%27SEO%27%2C%271432070984849%27%5D%5D; SC_LINKS_S=%5B%5BB%5D%5D; s_sq=sisalpreprod%3D%2526pid%253Dscommesse-matchpoint%25253Apalinsesto%2526pidt%253D1%2526oid%253Djavascript%25253Avoid%2525280%252529%25253B%2526ot%253DA'),
(332, 45, 'header', 'Origin: http://www.sisal.it'),
(333, 45, 'header', 'Accept-Encoding: gzip, deflate'),
(334, 45, 'header', 'Accept-Language: it-IT,it;q=0.8,en-US;q=0.6,en;q=0.4,fr;q=0.2'),
(335, 45, 'header', 'User-Agent: Mozilla/5.0 (X11; Linux x86_64) AppleWebKit/537.36 (KHTML, like Gecko) Chrome/42.0.2311.152 Safari/537.36'),
(336, 45, 'header', 'Accept: application/json, text/javascript, */*; q=0.01'),
(337, 45, 'header', 'Referer: http://www.sisal.it/scommesse-matchpoint/palinsesto?dis=1&man=22&fil=0'),
(338, 45, 'header', 'X-Requested-With: XMLHttpRequest'),
(339, 45, 'header', 'Connection: keep-alive'),
(340, 45, 'header', 'Content-Length: 0'),
(341, 45, 'compressed', ''),
(342, 45, '-X POST', ''),
(343, 46, 'header', 'Cookie: MPPARTNER=3133263433265b6661636f6c74617469766f5d265b6661636f6c74617469766f5d2630; JSESSIONID=606E690809003C7A6CA939BDE08E4D1F.jvm4; GUEST_LANGUAGE_ID=it_IT; COOKIE_SUPPORT=true; mppartner=3133263433265b6661636f6c74617469766f5d265b6661636f6c74617469766f5d2630; gvsC=New; sc.ASP.NET_SESSIONID=arrmw12tcds3tmp2vyvdejot; sc.Status=4; cm=SEO%7Chttps%3A%2F%2Fwww.google.it%2F%7CGoogle%20-%20Italy%7CNo%20Keyword; mbox=session#1432068850265-823853#1432071565|check#true#1432069765; utag_main=v_id:014d6df489f8000df01910a919e906069001406100bd0$_sn:1$_ss:0$_pn:11%3Bexp-session$_st:1432071504609$ses_id:1432068852216%3Bexp-session; detargettizzato=falso; utente_detargettizzato=undefined; s_cc=true; _ga=GA1.2.1136652916.1432068855; s_vi=[CS]v1|2AADD17D851D0D64-4000190200032ABB[CE]; pvd=pvd%3DGE9005; s_fid=66944CEBD50DD897-2DE17097D2C14F48; s_nr=1432070984846-New; s_lv=1432070984846; s_lv_s=First%20Visit; s_keywordStack=%5B%5B%27Natural%2520%255Bno%2520keyword%255D%27%2C%271432070984849%27%5D%5D; s_channelStack=%5B%5B%27SEO%27%2C%271432070984849%27%5D%5D; SC_LINKS_S=%5B%5BB%5D%5D; s_sq=sisalpreprod%3D%2526pid%253Dscommesse-matchpoint%25253Apalinsesto%2526pidt%253D1%2526oid%253Djavascript%25253Avoid%2525280%252529%25253B%2526ot%253DA'),
(344, 46, 'header', 'Origin: http://www.sisal.it'),
(345, 46, 'header', 'Accept-Encoding: gzip, deflate'),
(346, 46, 'header', 'Accept-Language: it-IT,it;q=0.8,en-US;q=0.6,en;q=0.4,fr;q=0.2'),
(347, 46, 'header', 'User-Agent: Mozilla/5.0 (X11; Linux x86_64) AppleWebKit/537.36 (KHTML, like Gecko) Chrome/42.0.2311.152 Safari/537.36'),
(348, 46, 'header', 'Accept: application/json, text/javascript, */*; q=0.01'),
(349, 46, 'header', 'Referer: http://www.sisal.it/scommesse-matchpoint/palinsesto?dis=1&man=22&fil=0'),
(350, 46, 'header', 'X-Requested-With: XMLHttpRequest'),
(351, 46, 'header', 'Connection: keep-alive'),
(352, 46, 'header', 'Content-Length: 0'),
(353, 46, 'compressed', ''),
(354, 46, '-X POST', ''),
(355, 47, 'header', 'Referer: https://www.unibet.it/betting'),
(356, 47, 'header', 'User-Agent: Mozilla/5.0 (X11; Linux x86_64) AppleWebKit/537.36 (KHTML, like Gecko) Chrome/43.0.2357.65 Safari/537.36'),
(357, 47, 'header', 'X-Requested-With: ShockwaveFlash/17.0.0.188'),
(358, 47, 'compressed', ''),
(359, 48, 'header', 'Cookie: MPPARTNER=3133263433265b6661636f6c74617469766f5d265b6661636f6c74617469766f5d2630; JSESSIONID=606E690809003C7A6CA939BDE08E4D1F.jvm4; GUEST_LANGUAGE_ID=it_IT; COOKIE_SUPPORT=true; mppartner=3133263433265b6661636f6c74617469766f5d265b6661636f6c74617469766f5d2630; gvsC=New; sc.ASP.NET_SESSIONID=arrmw12tcds3tmp2vyvdejot; sc.Status=4; cm=SEO%7Chttps%3A%2F%2Fwww.google.it%2F%7CGoogle%20-%20Italy%7CNo%20Keyword; mbox=session#1432068850265-823853#1432071565|check#true#1432069765; utag_main=v_id:014d6df489f8000df01910a919e906069001406100bd0$_sn:1$_ss:0$_pn:11%3Bexp-session$_st:1432071504609$ses_id:1432068852216%3Bexp-session; detargettizzato=falso; utente_detargettizzato=undefined; s_cc=true; _ga=GA1.2.1136652916.1432068855; s_vi=[CS]v1|2AADD17D851D0D64-4000190200032ABB[CE]; pvd=pvd%3DGE9005; s_fid=66944CEBD50DD897-2DE17097D2C14F48; s_nr=1432070984846-New; s_lv=1432070984846; s_lv_s=First%20Visit; s_keywordStack=%5B%5B%27Natural%2520%255Bno%2520keyword%255D%27%2C%271432070984849%27%5D%5D; s_channelStack=%5B%5B%27SEO%27%2C%271432070984849%27%5D%5D; SC_LINKS_S=%5B%5BB%5D%5D; s_sq=sisalpreprod%3D%2526pid%253Dscommesse-matchpoint%25253Apalinsesto%2526pidt%253D1%2526oid%253Djavascript%25253Avoid%2525280%252529%25253B%2526ot%253DA'),
(360, 48, 'header', 'Origin: http://www.sisal.it'),
(361, 48, 'header', 'Accept-Encoding: gzip, deflate'),
(362, 48, 'header', 'Accept-Language: it-IT,it;q=0.8,en-US;q=0.6,en;q=0.4,fr;q=0.2'),
(363, 48, 'header', 'User-Agent: Mozilla/5.0 (X11; Linux x86_64) AppleWebKit/537.36 (KHTML, like Gecko) Chrome/42.0.2311.152 Safari/537.36'),
(364, 48, 'header', 'Accept: application/json, text/javascript, */*; q=0.01'),
(365, 48, 'header', 'Referer: http://www.sisal.it/scommesse-matchpoint/palinsesto?dis=1&man=22&fil=0'),
(366, 48, 'header', 'X-Requested-With: XMLHttpRequest'),
(367, 48, 'header', 'Connection: keep-alive'),
(368, 48, 'header', 'Content-Length: 0'),
(369, 48, 'compressed', ''),
(370, 48, '-X POST', ''),
(371, 49, 'header', 'Cookie: MPPARTNER=3133263433265b6661636f6c74617469766f5d265b6661636f6c74617469766f5d2630; JSESSIONID=606E690809003C7A6CA939BDE08E4D1F.jvm4; GUEST_LANGUAGE_ID=it_IT; COOKIE_SUPPORT=true; mppartner=3133263433265b6661636f6c74617469766f5d265b6661636f6c74617469766f5d2630; gvsC=New; sc.ASP.NET_SESSIONID=arrmw12tcds3tmp2vyvdejot; sc.Status=4; cm=SEO%7Chttps%3A%2F%2Fwww.google.it%2F%7CGoogle%20-%20Italy%7CNo%20Keyword; mbox=session#1432068850265-823853#1432071565|check#true#1432069765; utag_main=v_id:014d6df489f8000df01910a919e906069001406100bd0$_sn:1$_ss:0$_pn:11%3Bexp-session$_st:1432071504609$ses_id:1432068852216%3Bexp-session; detargettizzato=falso; utente_detargettizzato=undefined; s_cc=true; _ga=GA1.2.1136652916.1432068855; s_vi=[CS]v1|2AADD17D851D0D64-4000190200032ABB[CE]; pvd=pvd%3DGE9005; s_fid=66944CEBD50DD897-2DE17097D2C14F48; s_nr=1432070984846-New; s_lv=1432070984846; s_lv_s=First%20Visit; s_keywordStack=%5B%5B%27Natural%2520%255Bno%2520keyword%255D%27%2C%271432070984849%27%5D%5D; s_channelStack=%5B%5B%27SEO%27%2C%271432070984849%27%5D%5D; SC_LINKS_S=%5B%5BB%5D%5D; s_sq=sisalpreprod%3D%2526pid%253Dscommesse-matchpoint%25253Apalinsesto%2526pidt%253D1%2526oid%253Djavascript%25253Avoid%2525280%252529%25253B%2526ot%253DA'),
(372, 49, 'header', 'Origin: http://www.sisal.it'),
(373, 49, 'header', 'Accept-Encoding: gzip, deflate'),
(374, 49, 'header', 'Accept-Language: it-IT,it;q=0.8,en-US;q=0.6,en;q=0.4,fr;q=0.2'),
(375, 49, 'header', 'User-Agent: Mozilla/5.0 (X11; Linux x86_64) AppleWebKit/537.36 (KHTML, like Gecko) Chrome/42.0.2311.152 Safari/537.36'),
(376, 49, 'header', 'Accept: application/json, text/javascript, */*; q=0.01'),
(377, 49, 'header', 'Referer: http://www.sisal.it/scommesse-matchpoint/palinsesto?dis=1&man=22&fil=0'),
(378, 49, 'header', 'X-Requested-With: XMLHttpRequest'),
(379, 49, 'header', 'Connection: keep-alive'),
(380, 49, 'header', 'Content-Length: 0'),
(381, 49, 'compressed', ''),
(382, 49, '-X POST', ''),
(383, 50, 'header', 'Cookie: MPPARTNER=3133263433265b6661636f6c74617469766f5d265b6661636f6c74617469766f5d2630; JSESSIONID=606E690809003C7A6CA939BDE08E4D1F.jvm4; GUEST_LANGUAGE_ID=it_IT; COOKIE_SUPPORT=true; mppartner=3133263433265b6661636f6c74617469766f5d265b6661636f6c74617469766f5d2630; gvsC=New; sc.ASP.NET_SESSIONID=arrmw12tcds3tmp2vyvdejot; sc.Status=4; cm=SEO%7Chttps%3A%2F%2Fwww.google.it%2F%7CGoogle%20-%20Italy%7CNo%20Keyword; mbox=session#1432068850265-823853#1432071565|check#true#1432069765; utag_main=v_id:014d6df489f8000df01910a919e906069001406100bd0$_sn:1$_ss:0$_pn:11%3Bexp-session$_st:1432071504609$ses_id:1432068852216%3Bexp-session; detargettizzato=falso; utente_detargettizzato=undefined; s_cc=true; _ga=GA1.2.1136652916.1432068855; s_vi=[CS]v1|2AADD17D851D0D64-4000190200032ABB[CE]; pvd=pvd%3DGE9005; s_fid=66944CEBD50DD897-2DE17097D2C14F48; s_nr=1432070984846-New; s_lv=1432070984846; s_lv_s=First%20Visit; s_keywordStack=%5B%5B%27Natural%2520%255Bno%2520keyword%255D%27%2C%271432070984849%27%5D%5D; s_channelStack=%5B%5B%27SEO%27%2C%271432070984849%27%5D%5D; SC_LINKS_S=%5B%5BB%5D%5D; s_sq=sisalpreprod%3D%2526pid%253Dscommesse-matchpoint%25253Apalinsesto%2526pidt%253D1%2526oid%253Djavascript%25253Avoid%2525280%252529%25253B%2526ot%253DA'),
(384, 50, 'header', 'Origin: http://www.sisal.it'),
(385, 50, 'header', 'Accept-Encoding: gzip, deflate'),
(386, 50, 'header', 'Accept-Language: it-IT,it;q=0.8,en-US;q=0.6,en;q=0.4,fr;q=0.2'),
(387, 50, 'header', 'User-Agent: Mozilla/5.0 (X11; Linux x86_64) AppleWebKit/537.36 (KHTML, like Gecko) Chrome/42.0.2311.152 Safari/537.36'),
(388, 50, 'header', 'Accept: application/json, text/javascript, */*; q=0.01'),
(389, 50, 'header', 'Referer: http://www.sisal.it/scommesse-matchpoint/palinsesto?dis=1&man=22&fil=0'),
(390, 50, 'header', 'X-Requested-With: XMLHttpRequest'),
(391, 50, 'header', 'Connection: keep-alive'),
(392, 50, 'header', 'Content-Length: 0'),
(393, 50, 'compressed', ''),
(394, 50, '-X POST', ''),
(395, 51, 'header', 'Cookie: MPPARTNER=3133263433265b6661636f6c74617469766f5d265b6661636f6c74617469766f5d2630; JSESSIONID=606E690809003C7A6CA939BDE08E4D1F.jvm4; GUEST_LANGUAGE_ID=it_IT; COOKIE_SUPPORT=true; mppartner=3133263433265b6661636f6c74617469766f5d265b6661636f6c74617469766f5d2630; gvsC=New; sc.ASP.NET_SESSIONID=arrmw12tcds3tmp2vyvdejot; sc.Status=4; cm=SEO%7Chttps%3A%2F%2Fwww.google.it%2F%7CGoogle%20-%20Italy%7CNo%20Keyword; mbox=session#1432068850265-823853#1432071565|check#true#1432069765; utag_main=v_id:014d6df489f8000df01910a919e906069001406100bd0$_sn:1$_ss:0$_pn:11%3Bexp-session$_st:1432071504609$ses_id:1432068852216%3Bexp-session; detargettizzato=falso; utente_detargettizzato=undefined; s_cc=true; _ga=GA1.2.1136652916.1432068855; s_vi=[CS]v1|2AADD17D851D0D64-4000190200032ABB[CE]; pvd=pvd%3DGE9005; s_fid=66944CEBD50DD897-2DE17097D2C14F48; s_nr=1432070984846-New; s_lv=1432070984846; s_lv_s=First%20Visit; s_keywordStack=%5B%5B%27Natural%2520%255Bno%2520keyword%255D%27%2C%271432070984849%27%5D%5D; s_channelStack=%5B%5B%27SEO%27%2C%271432070984849%27%5D%5D; SC_LINKS_S=%5B%5BB%5D%5D; s_sq=sisalpreprod%3D%2526pid%253Dscommesse-matchpoint%25253Apalinsesto%2526pidt%253D1%2526oid%253Djavascript%25253Avoid%2525280%252529%25253B%2526ot%253DA'),
(396, 51, 'header', 'Origin: http://www.sisal.it'),
(397, 51, 'header', 'Accept-Encoding: gzip, deflate'),
(398, 51, 'header', 'Accept-Language: it-IT,it;q=0.8,en-US;q=0.6,en;q=0.4,fr;q=0.2'),
(399, 51, 'header', 'User-Agent: Mozilla/5.0 (X11; Linux x86_64) AppleWebKit/537.36 (KHTML, like Gecko) Chrome/42.0.2311.152 Safari/537.36'),
(400, 51, 'header', 'Accept: application/json, text/javascript, */*; q=0.01'),
(401, 51, 'header', 'Referer: http://www.sisal.it/scommesse-matchpoint/palinsesto?dis=1&man=22&fil=0'),
(402, 51, 'header', 'X-Requested-With: XMLHttpRequest'),
(403, 51, 'header', 'Connection: keep-alive'),
(404, 51, 'header', 'Content-Length: 0'),
(405, 51, 'compressed', ''),
(406, 51, '-X POST', ''),
(407, 52, 'header', 'Cookie: MPPARTNER=3133263433265b6661636f6c74617469766f5d265b6661636f6c74617469766f5d2630; JSESSIONID=606E690809003C7A6CA939BDE08E4D1F.jvm4; GUEST_LANGUAGE_ID=it_IT; COOKIE_SUPPORT=true; mppartner=3133263433265b6661636f6c74617469766f5d265b6661636f6c74617469766f5d2630; gvsC=New; sc.ASP.NET_SESSIONID=arrmw12tcds3tmp2vyvdejot; sc.Status=4; cm=SEO%7Chttps%3A%2F%2Fwww.google.it%2F%7CGoogle%20-%20Italy%7CNo%20Keyword; mbox=session#1432068850265-823853#1432071565|check#true#1432069765; utag_main=v_id:014d6df489f8000df01910a919e906069001406100bd0$_sn:1$_ss:0$_pn:11%3Bexp-session$_st:1432071504609$ses_id:1432068852216%3Bexp-session; detargettizzato=falso; utente_detargettizzato=undefined; s_cc=true; _ga=GA1.2.1136652916.1432068855; s_vi=[CS]v1|2AADD17D851D0D64-4000190200032ABB[CE]; pvd=pvd%3DGE9005; s_fid=66944CEBD50DD897-2DE17097D2C14F48; s_nr=1432070984846-New; s_lv=1432070984846; s_lv_s=First%20Visit; s_keywordStack=%5B%5B%27Natural%2520%255Bno%2520keyword%255D%27%2C%271432070984849%27%5D%5D; s_channelStack=%5B%5B%27SEO%27%2C%271432070984849%27%5D%5D; SC_LINKS_S=%5B%5BB%5D%5D; s_sq=sisalpreprod%3D%2526pid%253Dscommesse-matchpoint%25253Apalinsesto%2526pidt%253D1%2526oid%253Djavascript%25253Avoid%2525280%252529%25253B%2526ot%253DA'),
(408, 52, 'header', 'Origin: http://www.sisal.it'),
(409, 52, 'header', 'Accept-Encoding: gzip, deflate'),
(410, 52, 'header', 'Accept-Language: it-IT,it;q=0.8,en-US;q=0.6,en;q=0.4,fr;q=0.2'),
(411, 52, 'header', 'User-Agent: Mozilla/5.0 (X11; Linux x86_64) AppleWebKit/537.36 (KHTML, like Gecko) Chrome/42.0.2311.152 Safari/537.36'),
(412, 52, 'header', 'Accept: application/json, text/javascript, */*; q=0.01'),
(413, 52, 'header', 'Referer: http://www.sisal.it/scommesse-matchpoint/palinsesto?dis=1&man=22&fil=0'),
(414, 52, 'header', 'X-Requested-With: XMLHttpRequest'),
(415, 52, 'header', 'Connection: keep-alive'),
(416, 52, 'header', 'Content-Length: 0'),
(417, 52, 'compressed', ''),
(418, 52, '-X POST', '');
INSERT INTO `curl_option` (`coid`, `cid`, `type`, `value_`) VALUES
(419, 53, 'header', 'Cookie: MPPARTNER=3133263433265b6661636f6c74617469766f5d265b6661636f6c74617469766f5d2630; JSESSIONID=606E690809003C7A6CA939BDE08E4D1F.jvm4; GUEST_LANGUAGE_ID=it_IT; COOKIE_SUPPORT=true; mppartner=3133263433265b6661636f6c74617469766f5d265b6661636f6c74617469766f5d2630; gvsC=New; sc.ASP.NET_SESSIONID=arrmw12tcds3tmp2vyvdejot; sc.Status=4; cm=SEO%7Chttps%3A%2F%2Fwww.google.it%2F%7CGoogle%20-%20Italy%7CNo%20Keyword; mbox=session#1432068850265-823853#1432071565|check#true#1432069765; utag_main=v_id:014d6df489f8000df01910a919e906069001406100bd0$_sn:1$_ss:0$_pn:11%3Bexp-session$_st:1432071504609$ses_id:1432068852216%3Bexp-session; detargettizzato=falso; utente_detargettizzato=undefined; s_cc=true; _ga=GA1.2.1136652916.1432068855; s_vi=[CS]v1|2AADD17D851D0D64-4000190200032ABB[CE]; pvd=pvd%3DGE9005; s_fid=66944CEBD50DD897-2DE17097D2C14F48; s_nr=1432070984846-New; s_lv=1432070984846; s_lv_s=First%20Visit; s_keywordStack=%5B%5B%27Natural%2520%255Bno%2520keyword%255D%27%2C%271432070984849%27%5D%5D; s_channelStack=%5B%5B%27SEO%27%2C%271432070984849%27%5D%5D; SC_LINKS_S=%5B%5BB%5D%5D; s_sq=sisalpreprod%3D%2526pid%253Dscommesse-matchpoint%25253Apalinsesto%2526pidt%253D1%2526oid%253Djavascript%25253Avoid%2525280%252529%25253B%2526ot%253DA'),
(420, 53, 'header', 'Origin: http://www.sisal.it'),
(421, 53, 'header', 'Accept-Encoding: gzip, deflate'),
(422, 53, 'header', 'Accept-Language: it-IT,it;q=0.8,en-US;q=0.6,en;q=0.4,fr;q=0.2'),
(423, 53, 'header', 'User-Agent: Mozilla/5.0 (X11; Linux x86_64) AppleWebKit/537.36 (KHTML, like Gecko) Chrome/42.0.2311.152 Safari/537.36'),
(424, 53, 'header', 'Accept: application/json, text/javascript, */*; q=0.01'),
(425, 53, 'header', 'Referer: http://www.sisal.it/scommesse-matchpoint/palinsesto?dis=1&man=22&fil=0'),
(426, 53, 'header', 'X-Requested-With: XMLHttpRequest'),
(427, 53, 'header', 'Connection: keep-alive'),
(428, 53, 'header', 'Content-Length: 0'),
(429, 53, 'compressed', ''),
(430, 53, '-X POST', ''),
(431, 54, 'header', 'Cookie: MPPARTNER=3133263433265b6661636f6c74617469766f5d265b6661636f6c74617469766f5d2630; JSESSIONID=606E690809003C7A6CA939BDE08E4D1F.jvm4; GUEST_LANGUAGE_ID=it_IT; COOKIE_SUPPORT=true; mppartner=3133263433265b6661636f6c74617469766f5d265b6661636f6c74617469766f5d2630; gvsC=New; sc.ASP.NET_SESSIONID=arrmw12tcds3tmp2vyvdejot; sc.Status=4; cm=SEO%7Chttps%3A%2F%2Fwww.google.it%2F%7CGoogle%20-%20Italy%7CNo%20Keyword; mbox=session#1432068850265-823853#1432071565|check#true#1432069765; utag_main=v_id:014d6df489f8000df01910a919e906069001406100bd0$_sn:1$_ss:0$_pn:11%3Bexp-session$_st:1432071504609$ses_id:1432068852216%3Bexp-session; detargettizzato=falso; utente_detargettizzato=undefined; s_cc=true; _ga=GA1.2.1136652916.1432068855; s_vi=[CS]v1|2AADD17D851D0D64-4000190200032ABB[CE]; pvd=pvd%3DGE9005; s_fid=66944CEBD50DD897-2DE17097D2C14F48; s_nr=1432070984846-New; s_lv=1432070984846; s_lv_s=First%20Visit; s_keywordStack=%5B%5B%27Natural%2520%255Bno%2520keyword%255D%27%2C%271432070984849%27%5D%5D; s_channelStack=%5B%5B%27SEO%27%2C%271432070984849%27%5D%5D; SC_LINKS_S=%5B%5BB%5D%5D; s_sq=sisalpreprod%3D%2526pid%253Dscommesse-matchpoint%25253Apalinsesto%2526pidt%253D1%2526oid%253Djavascript%25253Avoid%2525280%252529%25253B%2526ot%253DA'),
(432, 54, 'header', 'Origin: http://www.sisal.it'),
(433, 54, 'header', 'Accept-Encoding: gzip, deflate'),
(434, 54, 'header', 'Accept-Language: it-IT,it;q=0.8,en-US;q=0.6,en;q=0.4,fr;q=0.2'),
(435, 54, 'header', 'User-Agent: Mozilla/5.0 (X11; Linux x86_64) AppleWebKit/537.36 (KHTML, like Gecko) Chrome/42.0.2311.152 Safari/537.36'),
(436, 54, 'header', 'Accept: application/json, text/javascript, */*; q=0.01'),
(437, 54, 'header', 'Referer: http://www.sisal.it/scommesse-matchpoint/palinsesto?dis=1&man=22&fil=0'),
(438, 54, 'header', 'X-Requested-With: XMLHttpRequest'),
(439, 54, 'header', 'Connection: keep-alive'),
(440, 54, 'header', 'Content-Length: 0'),
(441, 54, 'compressed', ''),
(442, 54, '-X POST', ''),
(443, 55, 'header', 'Cookie: MPPARTNER=3133263433265b6661636f6c74617469766f5d265b6661636f6c74617469766f5d2630; JSESSIONID=606E690809003C7A6CA939BDE08E4D1F.jvm4; GUEST_LANGUAGE_ID=it_IT; COOKIE_SUPPORT=true; mppartner=3133263433265b6661636f6c74617469766f5d265b6661636f6c74617469766f5d2630; gvsC=New; sc.ASP.NET_SESSIONID=arrmw12tcds3tmp2vyvdejot; sc.Status=4; cm=SEO%7Chttps%3A%2F%2Fwww.google.it%2F%7CGoogle%20-%20Italy%7CNo%20Keyword; mbox=session#1432068850265-823853#1432071565|check#true#1432069765; utag_main=v_id:014d6df489f8000df01910a919e906069001406100bd0$_sn:1$_ss:0$_pn:11%3Bexp-session$_st:1432071504609$ses_id:1432068852216%3Bexp-session; detargettizzato=falso; utente_detargettizzato=undefined; s_cc=true; _ga=GA1.2.1136652916.1432068855; s_vi=[CS]v1|2AADD17D851D0D64-4000190200032ABB[CE]; pvd=pvd%3DGE9005; s_fid=66944CEBD50DD897-2DE17097D2C14F48; s_nr=1432070984846-New; s_lv=1432070984846; s_lv_s=First%20Visit; s_keywordStack=%5B%5B%27Natural%2520%255Bno%2520keyword%255D%27%2C%271432070984849%27%5D%5D; s_channelStack=%5B%5B%27SEO%27%2C%271432070984849%27%5D%5D; SC_LINKS_S=%5B%5BB%5D%5D; s_sq=sisalpreprod%3D%2526pid%253Dscommesse-matchpoint%25253Apalinsesto%2526pidt%253D1%2526oid%253Djavascript%25253Avoid%2525280%252529%25253B%2526ot%253DA'),
(444, 55, 'header', 'Origin: http://www.sisal.it'),
(445, 55, 'header', 'Accept-Encoding: gzip, deflate'),
(446, 55, 'header', 'Accept-Language: it-IT,it;q=0.8,en-US;q=0.6,en;q=0.4,fr;q=0.2'),
(447, 55, 'header', 'User-Agent: Mozilla/5.0 (X11; Linux x86_64) AppleWebKit/537.36 (KHTML, like Gecko) Chrome/42.0.2311.152 Safari/537.36'),
(448, 55, 'header', 'Accept: application/json, text/javascript, */*; q=0.01'),
(449, 55, 'header', 'Referer: http://www.sisal.it/scommesse-matchpoint/palinsesto?dis=1&man=22&fil=0'),
(450, 55, 'header', 'X-Requested-With: XMLHttpRequest'),
(451, 55, 'header', 'Connection: keep-alive'),
(452, 55, 'header', 'Content-Length: 0'),
(453, 55, 'compressed', ''),
(454, 55, '-X POST', ''),
(467, 57, 'header', 'Pragma: no-cache'),
(468, 57, 'header', 'Origin: https://sports.bwin.it'),
(469, 57, 'header', 'Accept-Encoding: gzip, deflate'),
(470, 57, 'header', 'Accept-Language: it-IT,it;q=0.8,en-US;q=0.6,en;q=0.4,es;q=0.2'),
(471, 57, 'header', 'User-Agent: Mozilla/5.0 (X11; Linux x86_64) AppleWebKit/537.36 (KHTML, like Gecko) Chrome/43.0.2357.81 Safari/537.36'),
(472, 57, 'header', 'Content-Type: application/x-www-form-urlencoded; charset=UTF-8'),
(473, 57, 'header', 'Accept: */*'),
(474, 57, 'header', 'Cache-Control: no-cache'),
(475, 57, 'header', 'X-Requested-With: XMLHttpRequest'),
(476, 57, 'header', 'Cookie: trackerId=4415133; cmshn=1; PageBackground=/default/5920_2015_ed_imd/image; ASP.NET_SessionId=k2sqfohips4yxyh3plxdrl0c; usersettings=cid=it-IT&fv=false&ns=false&vc=7&s=2&sst=2015-06-02T13:46:02&psst=2015-06-02T13:46:00; __RequestVerificationToken=8XSmQyKoNjx76qGL6D8-v8MEg7eG8a8yMbyoJmc2G2uY66h47pEBZLLqA2ZABHhcaspIaw2; mmcore.tst=0.115; mmid=1903058379%7CCwAAAArmm6r5AAwAAA%3D%3D; mmcore.pd=-1272799781%7CCwAAAAoBQuabqvkADAg58vkDALFa2JBJa9JIDwAAAIYnXh7oadJIAAAAAP//////////AAZEaXJlY3QBAAwDAAAAAAAAAAAAAP///////////////wAAAAAAAUU%3D; mmcore.srv=ldnvwcgeu06; s_cc=true; s_sq=%5B%5BB%5D%5D; ADRUM_BT=R%3a32%7cclientRequestGUID%3a698484aa-2cc5-4e23-8f8d-0a76c26b87a0%7cbtId%3a16043%7cbtERT%3a226'),
(477, 57, 'header', 'Connection: keep-alive'),
(478, 57, 'header', 'Referer: https://sports.bwin.it/it/sports'),
(479, 57, 'payload_post', 'a:4:{s:7:"sportId";s:1:"4";s:9:"leagueIds";s:4:"9654";s:11:"categoryIds";s:0:"";s:4:"page";s:1:"0";} '),
(480, 57, 'compressed', ''),
(481, 58, 'header', 'RequestTarget: AJAXService'),
(482, 58, 'header', 'Origin: http://www.10betlive.com'),
(483, 58, 'header', 'Accept-Encoding: gzip, deflate'),
(484, 58, 'header', 'Accept-Language: it-IT,it;q=0.8,en-US;q=0.6,en;q=0.4,fr;q=0.2'),
(485, 58, 'header', 'User-Agent: Mozilla/5.0 (X11; Linux x86_64) AppleWebKit/537.36 (KHTML, like Gecko) Chrome/43.0.2357.81 Safari/537.36'),
(486, 58, 'header', 'Content-Type: application/x-www-form-urlencoded'),
(487, 58, 'header', 'Accept: */*'),
(488, 58, 'header', 'Referer: http://www.10betlive.com/sports/calcio/'),
(489, 58, 'header', 'Cookie: DoNotRequrectToMobileSite=1; DoNotRedirectToCoUk=1; firstrequest=aHR0cDovL3d3dy4xMGJldGxpdmUuY29tLw__; first_visit=init; visid_incap_28261=Krl/8vONQ9uuPkJKDNiqUQOgcFUAAAAAQUIPAAAAAABeEZQ40jx9RI6BELiwUHJE; incap_ses_259_28261=ixWfBm47Cl5VIkgXsSeYAwOgcFUAAAAAsNo5fLxchDRq1OOd46Rxog==; setExitPopUpCookie=true; _gat=1; oSt2=1; _ga=GA1.2.2021319131.1433444358; cTz=0; lng=7; ASP.NET_SessionId=xnvim2vzmy4d3m3niyfmrsru'),
(490, 58, 'header', 'Connection: keep-alive'),
(491, 58, 'payload_post', 'a:3:{s:8:"BranchID";i:1;s:17:"LeaguesCollection";i:14808;s:8:"showLive";s:4:"true";}'),
(492, 58, 'compressed', ''),
(493, 59, 'header', 'x-newrelic-id: Vg8OWFJACwYCXFJXBg=='),
(494, 59, 'header', 'accept-encoding: gzip, deflate, sdch'),
(495, 59, 'header', 'x-requested-with: XMLHttpRequest'),
(496, 59, 'header', 'accept-language: it-IT,it;q=0.8,en-US;q=0.6,en;q=0.4,fr;q=0.2'),
(497, 59, 'header', 'user-agent: Mozilla/5.0 (X11; Linux x86_64) AppleWebKit/537.36 (KHTML, like Gecko) Chrome/43.0.2357.81 Safari/537.36'),
(498, 59, 'header', 'accept: */*'),
(499, 59, 'header', 'referer: https://www.marathonbet.com/it/betting/Football/Estonia/Premium+Liiga/?menu=true'),
(500, 59, 'header', 'cookie: __cfduid=d352f168071692ddb0e25f8e27ce98a4c1433446984; puid=rBkpVVVwqkit4xUjBMNPAg==; _gat=1; _gat_UA-20393386-1=1; _dc_gtm_UA-55273062-1=1; _gat_UA-55273062-1=1; _dc_gtm_UA-55273062-3=1; _ga=GA1.3.1671182263.1433446985; _ga=GA1.2.1671182263.1433446985; _ym_visorc_24133222=b; __utma=165002403.1671182263.1433446985.1433447216.1433447216.1; __utmb=165002403.12.4.1433447228009; __utmc=165002403; __utmz=165002403.1433447216.1.1.utmcsr=(direct)|utmccn=(direct)|utmcmd=(none)'),
(501, 59, 'compressed', ''),
(502, 60, 'header', 'accept-encoding: gzip, deflate, sdch'),
(503, 60, 'header', 'accept-language: it-IT,it;q=0.8,en-US;q=0.6,en;q=0.4,fr;q=0.2'),
(504, 60, 'header', 'user-agent: Mozilla/5.0 (X11; Linux x86_64) AppleWebKit/537.36 (KHTML, like Gecko) Chrome/43.0.2357.81 Safari/537.36'),
(505, 60, 'header', 'accept: text/html,application/xhtml+xml,application/xml;q=0.9,image/webp,*/*;q=0.8'),
(506, 60, 'header', 'referer: https://www.marathonbet.com/it/'),
(507, 60, 'header', 'cookie: __cfduid=df461d9cd6d43bb7efd18221469720d891432978045; puid=rBkpHFVpgn4ORxrUA2fFAg==; __utma=165002403.1873533453.1432978049.1432978053.1432978053.1; __utmb=165002403.6.8.1432978062685; __utmc=165002403; __utmz=165002403.1432978053.1.1.utmcsr=google|utmccn=(organic)|utmcmd=organic|utmctr=(not%20provided); _gat_UA-20393386-1=1; _dc_gtm_UA-55273062-1=1; _gat_UA-55273062-1=1; _ga=GA1.2.1873533453.1432978049; _dc_gtm_UA-55273062-3=1; _ga=GA1.3.1873533453.1432978049; _gat=1; _ym_visorc_24133222=b'),
(508, 60, 'compressed', ''),
(509, 61, 'header', 'Cookie: isCookieAlertRead=true; mbox=PC#1433446365699-933733.28_20#1434903879|session#1433693811427-37107#1433696139; JSESSIONID31=9591F578EE420709808115F09D5891AD; s_cc=true; s_vi=[CS]v1|2AB853EF8530BAA2-60000305C0057DDC[CE]; __utma=73226773.1127777400.1433446366.1433446366.1433693812.2; __utmb=73226773.6.9.1433694282119; __utmc=73226773; __utmz=73226773.1433446366.1.1.utmcsr=(direct)|utmccn=(direct)|utmcmd=(none); s_fid=53C9471D33DFAC38-12C2CE2D765CBA37; s_sq=ebeurobetv2prod%3D%2526pid%253Dsport%25253Ascommesse-sportive%25253Ahome%2526pidt%253D1%2526oid%253Dfunctiononclick%252528event%252529%25257BshowMeeting%2525281%25252C66%25252C-1%25252C-1%252529%25253B%25257D%2526oidt%253D2%2526ot%253DDIV; WebEurobetCookie=R63807413'),
(510, 61, 'header', 'Accept-Encoding: gzip, deflate, sdch'),
(511, 61, 'header', 'Accept-Language: it-IT,it;q=0.8,en-US;q=0.6,en;q=0.4,fr;q=0.2'),
(512, 61, 'header', 'User-Agent: Mozilla/5.0 (X11; Linux x86_64) AppleWebKit/537.36 (KHTML, like Gecko) Chrome/43.0.2357.81 Safari/537.36'),
(513, 61, 'header', 'Accept: */*'),
(514, 61, 'header', 'Referer: http://web.eurobet.it/webeb/scommesse-sportive'),
(515, 61, 'header', 'X-Requested-With: XMLHttpRequest'),
(516, 61, 'header', 'Connection: keep-alive'),
(517, 61, 'compressed', ''),
(518, 62, 'header', 'RequestTarget: AJAXService'),
(519, 62, 'header', 'Origin: http://www.10betlive.com'),
(520, 62, 'header', 'Accept-Encoding: gzip, deflate'),
(521, 62, 'header', 'Accept-Language: it-IT,it;q=0.8,en-US;q=0.6,en;q=0.4,fr;q=0.2'),
(522, 62, 'header', 'User-Agent: Mozilla/5.0 (X11; Linux x86_64) AppleWebKit/537.36 (KHTML, like Gecko) Chrome/43.0.2357.81 Safari/537.36'),
(523, 62, 'header', 'Content-Type: application/x-www-form-urlencoded'),
(524, 62, 'header', 'Accept: */*'),
(525, 62, 'header', 'Referer: http://www.10betlive.com/sports/calcio/'),
(526, 62, 'header', 'Cookie: DoNotRequrectToMobileSite=1; DoNotRedirectToCoUk=1; firstrequest=aHR0cDovL3d3dy4xMGJldGxpdmUuY29tLw__; first_visit=init; visid_incap_28261=Krl/8vONQ9uuPkJKDNiqUQOgcFUAAAAAQUIPAAAAAABeEZQ40jx9RI6BELiwUHJE; incap_ses_259_28261=ixWfBm47Cl5VIkgXsSeYAwOgcFUAAAAAsNo5fLxchDRq1OOd46Rxog==; setExitPopUpCookie=true; _gat=1; oSt2=1; _ga=GA1.2.2021319131.1433444358; cTz=0; lng=7; ASP.NET_SessionId=xnvim2vzmy4d3m3niyfmrsru'),
(527, 62, 'header', 'Connection: keep-alive'),
(528, 62, 'payload_post', 'a:3:{s:8:"BranchID";i:1;s:17:"LeaguesCollection";i:18430;s:8:"showLive";s:4:"true";}'),
(529, 62, 'compressed', ''),
(530, 63, 'header', 'Accept-Encoding: gzip, deflate, sdch'),
(531, 63, 'header', 'Accept-Language: it-IT,it;q=0.8,en-US;q=0.6,en;q=0.4,fr;q=0.2'),
(532, 63, 'header', 'User-Agent: Mozilla/5.0 (X11; Linux x86_64) AppleWebKit/537.36 (KHTML, like Gecko) Chrome/43.0.2357.81 Safari/537.36'),
(533, 63, 'header', 'Accept: */*'),
(534, 63, 'header', 'Referer: http://www.pinnacle.com/'),
(535, 63, 'header', 'Cookie: PCTR=637253018604755410; vidi=53f6941d14234dfcab5af29bae038bad; ASP.NET_SessionId=mftlxriltvmszyx3w4wavisx; UserPrefsCookie=languageId=2&priceStyle=decimal&linesTypeView=c&device=d&languageGroup=all; LastPageCookie=url=http://www.pinnacle.com/lines.aspx?type=league&sport=Soccer&league=Serie A&periods=1&time=29/05/2015 08:07:29; ADRUM=s=1432913033475&r=http%3A%2F%2Fwww.pinnacle.com%2FLeague%2FSoccer%2FSerie%2BA%2F1%2FLines.aspx%3F0'),
(536, 63, 'header', 'Connection: keep-alive'),
(538, 63, 'compressed', ''),
(539, 64, 'header', 'Origin: https://www.goldbetsports.com'),
(540, 64, 'header', 'Accept-Encoding: gzip, deflate, sdch'),
(541, 64, 'header', 'Accept-Language: it-IT,it;q=0.8,en-US;q=0.6,en;q=0.4,fr;q=0.2'),
(542, 64, 'header', 'User-Agent: Mozilla/5.0 (X11; Linux x86_64) AppleWebKit/537.36 (KHTML, like Gecko) Chrome/43.0.2357.124 Safari/537.36'),
(543, 64, 'header', 'Accept: */*'),
(544, 64, 'header', 'Referer: https://www.goldbetsports.com/it/sport/'),
(545, 64, 'header', 'Connection: keep-alive'),
(546, 64, 'compressed', ''),
(547, 65, 'header', 'Origin: https://www.lottomatica.it'),
(548, 65, 'header', 'Accept-Encoding: gzip, deflate'),
(549, 65, 'header', 'Accept-Language: it-IT,it;q=0.8,en-US;q=0.6,en;q=0.4,fr;q=0.2'),
(550, 65, 'header', 'User-Agent: Mozilla/5.0 (X11; Linux x86_64) AppleWebKit/537.36 (KHTML, like Gecko) Chrome/42.0.2311.152 Safari/537.36'),
(551, 65, 'header', 'Content-Type: text/plain'),
(552, 65, 'header', 'Accept: */*'),
(553, 65, 'header', 'Referer: https://www.lottomatica.it/scommesse/home.do'),
(554, 65, 'header', 'Cookie: s_adserv=lttmtc-lottomatica.it; __utma=142764074.760386197.1431877726.1432059876.1432065330.3; __utmb=142764074.1.10.1432065330; __utmc=142764074; __utmz=142764074.1432065330.3.3.utmcsr=google|utmccn=(organic)|utmcmd=organic|utmctr=(not%20provided); mbox=PC#1431877726153-883095.26_19#1433274930|check#true#1432065390|session#1432065329212-721213#1432067190; s_cc=true; s_sq=lttmtc-lottomatica.it%3D%2526pid%253Dscommesse%252520%25253A%252520home%2526pidt%253D1%2526oid%253Dhttps%25253A%25252F%25252Fwww.lottomatica.it%25252Fscommesse%25252Fhome.do%2526ot%253DA'),
(555, 65, 'header', 'Connection: keep-alive'),
(556, 65, 'data-binary', ''),
(557, 65, 'compressed', ''),
(558, 65, 'payload_post', 'a:10:{s:9:"callCount";s:1:"1";s:4:"page";s:18:"/scommesse/home.do";s:13:"httpSessionId";s:32:"D9DCDB1369126589658ECE9962F15B9E";s:15:"scriptSessionId";s:35:"670017B8FB2CF9F17774FAD3911FE062354";s:13:"c0-scriptName";s:17:"manifestazioniDwr";s:13:"c0-methodName";s:18:"clicManifestazione";s:5:"c0-id";s:1:"0";s:9:"c0-param0";s:11:"string:1.79";s:9:"c0-param1";s:13:"boolean:false";s:7:"batchId";s:1:"2";}'),
(559, 66, 'header', 'Cookie: MPPARTNER=3133263433265b6661636f6c74617469766f5d265b6661636f6c74617469766f5d2630; JSESSIONID=606E690809003C7A6CA939BDE08E4D1F.jvm4; GUEST_LANGUAGE_ID=it_IT; COOKIE_SUPPORT=true; mppartner=3133263433265b6661636f6c74617469766f5d265b6661636f6c74617469766f5d2630; gvsC=New; sc.ASP.NET_SESSIONID=arrmw12tcds3tmp2vyvdejot; sc.Status=4; cm=SEO%7Chttps%3A%2F%2Fwww.google.it%2F%7CGoogle%20-%20Italy%7CNo%20Keyword; mbox=session#1432068850265-823853#1432071565|check#true#1432069765; utag_main=v_id:014d6df489f8000df01910a919e906069001406100bd0$_sn:1$_ss:0$_pn:11%3Bexp-session$_st:1432071504609$ses_id:1432068852216%3Bexp-session; detargettizzato=falso; utente_detargettizzato=undefined; s_cc=true; _ga=GA1.2.1136652916.1432068855; s_vi=[CS]v1|2AADD17D851D0D64-4000190200032ABB[CE]; pvd=pvd%3DGE9005; s_fid=66944CEBD50DD897-2DE17097D2C14F48; s_nr=1432070984846-New; s_lv=1432070984846; s_lv_s=First%20Visit; s_keywordStack=%5B%5B%27Natural%2520%255Bno%2520keyword%255D%27%2C%271432070984849%27%5D%5D; s_channelStack=%5B%5B%27SEO%27%2C%271432070984849%27%5D%5D; SC_LINKS_S=%5B%5BB%5D%5D; s_sq=sisalpreprod%3D%2526pid%253Dscommesse-matchpoint%25253Apalinsesto%2526pidt%253D1%2526oid%253Djavascript%25253Avoid%2525280%252529%25253B%2526ot%253DA'),
(560, 66, 'header', 'Origin: http://www.sisal.it'),
(561, 66, 'header', 'Accept-Encoding: gzip, deflate'),
(562, 66, 'header', 'Accept-Language: it-IT,it;q=0.8,en-US;q=0.6,en;q=0.4,fr;q=0.2'),
(563, 66, 'header', 'User-Agent: Mozilla/5.0 (X11; Linux x86_64) AppleWebKit/537.36 (KHTML, like Gecko) Chrome/42.0.2311.152 Safari/537.36'),
(564, 66, 'header', 'Accept: application/json, text/javascript, */*; q=0.01'),
(565, 66, 'header', 'Referer: http://www.sisal.it/scommesse-matchpoint/palinsesto?dis=1&man=22&fil=0'),
(566, 66, 'header', 'X-Requested-With: XMLHttpRequest'),
(567, 66, 'header', 'Connection: keep-alive'),
(568, 66, 'header', 'Content-Length: 0'),
(569, 66, 'compressed', ''),
(570, 66, '-X POST', ''),
(571, 67, 'header', 'Cookie: PHPSESSID=7a12dc8b-baba97f6-7a12dcae-baba97f6-00000003-nbenbepa3ug2b178jj7hilhq74; __utma=146841973.523924482.1431878695.1432146612.1432158562.5; __utmb=146841973.2.10.1432158562; __utmc=146841973; __utmz=146841973.1432142344.2.2.utmcsr=google|utmccn=(organic)|utmcmd=organic|utmctr=(not%20provided)'),
(572, 67, 'header', 'Origin: http://www.snai.it'),
(573, 67, 'header', 'Accept-Encoding: gzip, deflate'),
(574, 67, 'header', 'Accept-Language: it-IT,it;q=0.8,en-US;q=0.6,en;q=0.4,fr;q=0.2'),
(575, 67, 'header', 'User-Agent: Mozilla/5.0 (X11; Linux x86_64) AppleWebKit/537.36 (KHTML, like Gecko) Chrome/43.0.2357.65 Safari/537.36'),
(576, 67, 'header', 'Content-type: application/x-www-form-urlencoded; charset=UTF-8'),
(577, 67, 'header', 'Accept: text/javascript, text/html, application/xml, text/xml, */*'),
(578, 67, 'header', 'X-Prototype-Version: 1.6.0.1'),
(579, 67, 'header', 'X-Requested-With: XMLHttpRequest'),
(580, 67, 'header', 'Connection: keep-alive'),
(581, 67, 'header', 'Referer: http://www.snai.it/scommesse'),
(582, 67, 'payload_post', 'a:7:{s:7:"comando";s:1:"2";s:13:"cod_programma";s:5:"18112";s:9:"des_manif";s:10:"SPAGNA%201";s:5:"sport";s:6:"CALCIO";s:14:"switch_section";s:5:"sport";s:15:"switch_carrello";s:5:"sport";s:1:"_";s:0:"";}'),
(583, 67, 'compressed', ''),
(584, 68, 'header', 'Referer: https://www.unibet.it/betting'),
(585, 68, 'header', 'User-Agent: Mozilla/5.0 (X11; Linux x86_64) AppleWebKit/537.36 (KHTML, like Gecko) Chrome/43.0.2357.65 Safari/537.36'),
(586, 68, 'header', 'X-Requested-With: ShockwaveFlash/17.0.0.188'),
(587, 68, 'compressed', ''),
(588, 69, 'header', 'Accept-Encoding: gzip, deflate, sdch'),
(589, 69, 'header', 'Accept-Language: it-IT,it;q=0.8,en-US;q=0.6,en;q=0.4,fr;q=0.2'),
(590, 69, 'header', 'User-Agent: Mozilla/5.0 (X11; Linux x86_64) AppleWebKit/537.36 (KHTML, like Gecko) Chrome/43.0.2357.65 Safari/537.36'),
(591, 69, 'header', 'Accept: text/html,application/xhtml+xml,application/xml;q=0.9,image/webp,*/*;q=0.8'),
(592, 69, 'header', 'Referer: https://www.interwetten.com/it/scommesse-sportive/default.aspx'),
(593, 69, 'header', 'Cookie: __lb=!zD/YeNCBcby3gu8kHV/zVutpNwWoBCWw/PwxJnspZ6wtJRealcQNRaVL/co+zQpkRSsLZDp8Rwsy0is=; ASP.NET_SessionId=uszqjjmtcm0j4qko5rz4yffs; __IW_POPOVER=10-20150219=1; __IW_CLIENT_TIMEZONE=32; _gat=1; __IW_CLIENT_LEAGUEADDITIONALINFO=False; __IW_COOKIE_CULTURE=it; TS016728ff=01490d01df3a13080ef199302341813d92b65b8986a11e4e9f5eb562da6de76c17a6ebd56c0f8583cc7c5fc03eae7bad5276fc52cdf89bc475e47b9899867a4278ac2010f234323d292183bef7f8aa7798afb42c45586807141345559e2bbf7099b57412c7845bba3997f193331a2d3675a11b82fcebf10f21eb518bf6b65d6f647d3e0c75; _ga=GA1.2.123361832.1432741873'),
(594, 69, 'header', 'Connection: keep-alive'),
(595, 69, 'header', 'Cache-Control: max-age=0'),
(596, 69, 'compressed', ''),
(597, 70, 'header', 'Accept-Encoding: gzip, deflate, sdch'),
(598, 70, 'header', 'Accept-Language: it-IT,it;q=0.8,en-US;q=0.6,en;q=0.4,fr;q=0.2'),
(599, 70, 'header', 'User-Agent: Mozilla/5.0 (X11; Linux x86_64) AppleWebKit/537.36 (KHTML, like Gecko) Chrome/43.0.2357.65 Safari/537.36'),
(600, 70, 'header', 'Accept: text/html,application/xhtml+xml,application/xml;q=0.9,image/webp,*/*;q=0.8'),
(601, 70, 'header', 'Referer: http://sports.williamhill.it/bet_ita/it/betting/y/5/et/Calcio.html'),
(602, 70, 'header', 'Connection: keep-alive'),
(603, 70, 'header', 'sitePreference=DESKTOP; newUserPopup=1; xdVisitorId=12ECdJYv7gJcapNPLjhzS1WhbOLxgmULQ_RikJQZ0tp4cRk9E51; trk_jsoncookie=%7B%22visittype%22%3A%22nonc%22%7D; cust_lang=it; cust_login=; cust_prefs=it|DECIMAL|form|TYPE|PRICE|||0|SB|0|0||0|it|0|TIME|TYPE|0|2|A|0||0|1|0||TYPE|; CSRF_COOKIE=5c62959ace6f1156bb5a; __utma=249088216.165152004.1432142470.1432233095.1432743030.3; __utmb=249088216.3.10.1432743030; __utmc=249088216; __utmz=249088216.1432233095.2.2.utmcsr=google|utmccn=(organic)|utmcmd=organic|utmctr=(not%20provided); mbox=PC#1432142470220-701937.26_11#1433952645|check#true#1432743105|session#1432743029975-216395#1432744905; IBSBBLEG=; IBSBBGRP=; IBSBBBET=; IBSBBCAST=; IBSBBSLIP=; IBSBB=; atgRecVisitorId=12ECdJYv7gJcapNPLjhzS1WhbOLxgmULQ_RikJQZ0tp4cRk9E51; atgRecSessionId=tE2WI7CN430HbYIeArQB0u1VK_ElU8rDe94yCFpWkRlfnbeYmwam!429724580!-432613382; s_sq=%5B%5BB%5D%5D; s_vi=[CS]v1|2AAE614685010874-40000137400BDA95[CE]; s_cc=true; s_fid=5E4E07B69B33BF02-1101B6BE1BE8127E; s_ppvl=sports%2Ffootball%2Fcompetitions%2F%2C28%2C28%2C697%2C1905%2C485%2C1920%2C1080%2C1%2CP; s_ppv=sports%2Ffootball%2Fitalian_serie_a%2F%2C22%2C22%2C485%2C935%2C449%2C1920%2C1080%2C1%2CP'),
(604, 70, 'compressed', ''),
(605, 71, 'header', 'Cookie: _gat=1; has_js=1; _ga=GA1.2.1134858165.1432926143; IZI_SESSION_ID=AS_iziplay02.cogetech.it934214329261367644; is_returning=1; IZI-COOKIE=ffffffff09451f7545525d5f4f58455e445a4a423660'),
(606, 71, 'header', 'Origin: https://www.iziplay.it'),
(607, 71, 'header', 'Accept-Encoding: gzip, deflate'),
(608, 71, 'header', 'Accept-Language: it-IT,it;q=0.8,en-US;q=0.6,en;q=0.4,fr;q=0.2'),
(609, 71, 'header', 'User-Agent: Mozilla/5.0 (X11; Linux x86_64) AppleWebKit/537.36 (KHTML, like Gecko) Chrome/43.0.2357.81 Safari/537.36'),
(610, 71, 'header', 'Content-Type: application/x-www-form-urlencoded; charset=UTF-8'),
(611, 71, 'header', 'Accept: */*'),
(612, 71, 'header', 'Referer: https://www.iziplay.it/scommesse-sportive'),
(613, 71, 'header', 'X-Requested-With: XMLHttpRequest'),
(614, 71, 'header', 'Connection: keep-alive'),
(615, 71, 'payload_post', 'a:2:{s:8:"keyManif";s:4:"1_79";s:9:"keyGruppo";s:6:"1_79_1";}'),
(616, 71, 'compressed', ''),
(617, 72, 'header', 'Cookie: cif=0; cp2=0; rmbs=3; pstk=DB0873F5688E43BCABE35A1F2441B13F000003; aps03=oty=2&cg=0&cst=230&tzi=4&cf=N&ct=97&hd=N&lng=6; ASPSESSIONIDCCQBSDSR=IBFPJAODNGBPMPHABLFLBNCG; ASPSESSIONIDQAQDRBRS=IJLLMCODEFGJCDNJLFCFFOBM; ASPSESSIONIDQAQCRARS=IKPCNCODNIDLLKOAKBEKBGIP; ASPSESSIONIDCAQCRDTR=FGLBJAODHDLAMEMBLANDJGMM; ASPSESSIONIDACRBTCTQ=IJFFKAODDONLDINJFFDCKHLP; ASPSESSIONIDQCQBRBQS=FCJLCDODJKPNBJIJHNFGAGCP; ASPSESSIONIDQAQBSAQT=BKOOCDODOGGELCECCPFDOHHD; ASPSESSIONIDCCQCTCTR=IMMHPAODOEJACPGLOMIGJFCA; session=processform=0&id=%7BC5B80676%2D22C7%2D46C1%2D8963%2D1F13200B55BD%7D&psite=1&flslnk=&event=&diary=&fms=&pscp=%23AC%23B1%23C1%23D13%23E26365896%23F2%23R1%23; ASPSESSIONIDAARCSATT=JFHHMLPDBLLPJAHPNPFGKMHN'),
(618, 72, 'header', 'Accept-Encoding: gzip, deflate, sdch'),
(619, 72, 'header', 'Accept-Language: it-IT,it;q=0.8,en-US;q=0.6,en;q=0.4,fr;q=0.2'),
(620, 72, 'header', 'User-Agent: Mozilla/5.0 (X11; Linux x86_64) AppleWebKit/537.36 (KHTML, like Gecko) Chrome/43.0.2357.81 Safari/537.36'),
(621, 72, 'header', 'Accept: */*'),
(622, 72, 'header', 'Referer: http://www.bet365.it/home/FlashGen4/WebConsoleApp.asp?&cb=105802016378'),
(623, 72, 'header', 'X-Requested-With: ShockwaveFlash/17.0.0.188'),
(624, 72, 'header', 'Connection: keep-alive'),
(625, 72, 'compressed', ''),
(626, 73, 'header', 'Cookie: cmshn=1; ASP.NET_SessionId=v0mngkkgjunlse31oylus12s; PageBackground=/default/5920_2015_ed_imd/image; tdpeh=S1432928345_ADOGOe_AGI28040_ADI132880_TRMYndpbg==_DVCc_RFDd3d3Lmdvb2dsZS5pdA==; trackerId=4412043; trackingAffiliate=4412043; usersettings=cid=it-IT&fv=false&ns=false&vc=4&s=2&sst=2015-05-29T20:39:08&psst=2015-05-29T20:39:04; bonus-min=%2Fit%2Fsignupbonus%3FtrackerId%3D4412043; __RequestVerificationToken=orOwtSncKrgsVTLReCpswek2051B5pnpOfc_xE9Cp__EGhCtEjfix2kXOXcuuEZ7upEXAA2; mmcore.tst=0.647; mmid=1985569155%7CCAAAAAo8D8SF9QsAAA%3D%3D; mmcore.pd=1905162822%7CCAAAAAoBQjwPxIX1C81U/WwCAOoHchheaNJIDwAAACGa8lk4YdJIAAAAAFUAAAD/////AA13d3cuZ29vZ2xlLml0BP4LAQABAAAAAAAAAAD///////////////8AAAAAAAFF; mmcore.srv=ldnvwcgeu10; s_cc=true; ADRUM_BT=R%3a32%7cclientRequestGUID%3aa8c31ce9-c41f-4db2-9b00-c7cf2fdd67c7%7cbtId%3a16043%7cbtERT%3a80; s_sq=bwinit%3D%2526pid%253Dhttps%25253A%25252F%25252Fsports.bwin.it%25252Fit%25252Fsports%2526oid%253Dhttps%25253A%25252F%25252Fsports.bwin.it%25252Fit%25252Fsports%25252F4%25252F8575%25252Fscommesse%25252Fserie-a%2526ot%253DA'),
(627, 73, 'header', 'Origin: https://sports.bwin.it'),
(628, 73, 'header', 'Accept-Encoding: gzip, deflate'),
(629, 73, 'header', 'Accept-Language: it-IT,it;q=0.8,en-US;q=0.6,en;q=0.4,fr;q=0.2'),
(630, 73, 'header', 'User-Agent: Mozilla/5.0 (X11; Linux x86_64) AppleWebKit/537.36 (KHTML, like Gecko) Chrome/43.0.2357.81 Safari/537.36'),
(631, 73, 'header', 'Content-Type: application/x-www-form-urlencoded; charset=UTF-8'),
(632, 73, 'header', 'Accept: */*'),
(633, 73, 'header', 'Referer: https://sports.bwin.it/it/sports'),
(634, 73, 'header', 'X-Requested-With: XMLHttpRequest'),
(635, 73, 'header', 'Connection: keep-alive'),
(636, 73, 'payload_post', 'a:4:{s:7:"sportId";s:1:"4";s:9:"leagueIds";s:5:"24715";s:11:"categoryIds";s:2:"25";s:4:"page";s:1:"0";}'),
(637, 73, 'compressed', ''),
(638, 74, 'header', 'okie: ITBetFlag=2dg34rlfhd23t3mrm3bt3xco; __utmt=1; __utma=168335282.488171360.1432928912.1432928912.1432928912.1; __utmb=168335282.1.10.1432928912; __utmc=168335282; __utmz=168335282.1432928912.1.1.utmcsr=google|utmccn=(organic)|utmcmd=organic|utmctr=(not%20provided)'),
(639, 74, 'header', 'Origin: https://www.betflag.it'),
(640, 74, 'header', 'Accept-Encoding: gzip, deflate'),
(641, 74, 'header', 'Accept-Language: it-IT,it;q=0.8,en-US;q=0.6,en;q=0.4,fr;q=0.2'),
(642, 74, 'header', 'User-Agent: Mozilla/5.0 (X11; Linux x86_64) AppleWebKit/537.36 (KHTML, like Gecko) Chrome/43.0.2357.81 Safari/537.36'),
(643, 74, 'header', 'Content-Type: application/json; charset=UTF-8'),
(644, 74, 'header', 'Accept: */*'),
(645, 74, 'header', 'Referer: https://www.betflag.it/sport'),
(646, 74, 'header', 'X-Requested-With: XMLHttpRequest'),
(647, 74, 'header', 'Connection: keep-alive'),
(648, 74, 'data-binary', ''),
(649, 74, 'payload_post', 'a:1:{s:10:"__string__";s:71:"{"idSport":1,"idManifestazione":79,"idTipoScommessa":3,"idNazione":199}";}'),
(650, 74, 'compressed', '');

-- --------------------------------------------------------

--
-- Struttura della tabella `league`
--

CREATE TABLE `league` (
  `lid` int(11) NOT NULL AUTO_INCREMENT,
  `name` varchar(250) NOT NULL,
  `last_update` int(11) NOT NULL,
  PRIMARY KEY (`lid`)
) ENGINE=InnoDB  DEFAULT CHARSET=utf8 AUTO_INCREMENT=25 ;

--
-- Dump dei dati per la tabella `league`
--

INSERT INTO `league` (`lid`, `name`, `last_update`) VALUES
(1, 'Italia - Serie A', 2032382898),
(2, 'Spagna - Liga BBVA', 1440941210),
(3, 'Germania - Bundesliga', 2032382898),
(4, 'Francia - Ligue 1', 2032382898),
(5, 'Italia - Serie B', 2032382898),
(6, 'Argentina - Primera Division', 2032382898),
(7, 'Danimarca - Superligaen', 2032382898),
(8, 'Brasile - Serie A', 2032382898),
(9, 'Danimarca - 1a divisione', 2032382898),
(10, 'Finlandia - Veikkansliga', 2032382898),
(11, 'Giappone - J-league', 2032382898),
(12, 'Norvegia - Tippeligaen', 2032382898),
(13, 'Norvegia - 1a divisione', 2032382898),
(14, 'Polonia - Ekstraklasa', 2032382898),
(15, 'Svezia - Allsvenskan', 2032382898),
(16, 'Svezia - Superettan', 2032382898),
(17, 'USA - Major League Soccer', 2032382898),
(18, 'Argentina - Segunda division', 2032382898),
(19, 'Brasile - Serie B', 2032382898),
(20, 'Estonia - Meistriliiga', 2032382898),
(21, 'Grecia - Super league', 2032382898),
(22, 'Corea - K-league', 2032382898),
(23, 'Lituania - A Lyga', 2032382898),
(24, 'Colombia - Primera A', 2032382898);

-- --------------------------------------------------------

--
-- Struttura della tabella `match`
--

CREATE TABLE `match` (
  `mid` int(11) NOT NULL AUTO_INCREMENT,
  `lid` int(11) NOT NULL,
  `pal` int(11) NOT NULL,
  `avv` int(11) NOT NULL,
  `name_1` text NOT NULL,
  `name_2` text NOT NULL,
  `bet_1` float NOT NULL,
  `where_bet_1` int(11) NOT NULL,
  `bet_x` float NOT NULL,
  `where_bet_x` int(11) NOT NULL,
  `bet_2` float NOT NULL,
  `where_bet_2` int(11) NOT NULL,
  `toplay` float NOT NULL,
  PRIMARY KEY (`mid`)
) ENGINE=InnoDB  DEFAULT CHARSET=utf8 AUTO_INCREMENT=3 ;

--
-- Dump dei dati per la tabella `match`
--

INSERT INTO `match` (`mid`, `lid`, `pal`, `avv`, `name_1`, `name_2`, `bet_1`, `where_bet_1`, `bet_x`, `where_bet_x`, `bet_2`, `where_bet_2`, `toplay`) VALUES
(2, 2, 0, 0, 'atlÃ©tico de madrid', 'barcelona', 3.4, 12, 3.6, 12, 2.65, 12, 100);

/*!40101 SET CHARACTER_SET_CLIENT=@OLD_CHARACTER_SET_CLIENT */;
/*!40101 SET CHARACTER_SET_RESULTS=@OLD_CHARACTER_SET_RESULTS */;
/*!40101 SET COLLATION_CONNECTION=@OLD_COLLATION_CONNECTION */;
